e1b1a4e41c8c4e0fac3be87e703b5c28;yarn.lock
d41d8cd98f00b204e9800998ecf8427e;export/.gitkeep
f7a3d77bb7f2ffb6c6d5f68881077471;locale/de-DE/base.mo
d9677d4c1a5064dd0f2c1246f864389f;locale/de-DE/base.po
1337e18674c7f7339bbe889707366c0d;locale/en-GB/base.mo
0a91837456f80302fec305465040bd66;locale/en-GB/base.po
402a941798155e28b8dd68bef630040d;src/Export/FeedGenerator.php
11181ec08dd254d332b0a53225e0db8d;src/Export/AbstractFeedBuilder.php
32cc4bff74aed46ccaecc74143044ccc;src/Export/ProductFeedBuilder.php
78f30b58749bc1903cfcd584a018c111;src/Export/InitialOrderFeedBuilder.php
a68c6477752acdea1454108d0bf19978;src/Export/BlogFeedBuilder.php
4abf60e46996ff991da38e8684426e9a;src/Export/PageFeedBuilder.php
f9b88cf354d510f7c4ac258a15ee0678;src/Export/CategoryFeedBuilder.php
131feed2a58ba819c971ca5107fa7033;src/Export/CustomerFeedBuilder.php
d5155883227d07a51bbfd86403bb2899;src/Export/Cronjob.php
5419a0d5b6c0852c53d61cd36de24eec;src/Export/JsonFeedStreamWriter.php
2c0589def985d040e7fa1a588f35f39e;src/Entities/Entity.php
98fee675af32285f0768cf91ca3f5216;src/Entities/StoreSettingsEntity.php
31787a5fd6c878df6a9f8d39d58b76f7;src/Entities/StoreEntity.php
325d688ba997f0b4eb0d173ae480a8fc;src/Controllers/AdminDashboardController.php
3b474d8e0de8b8f48b0db2bbbf782df5;src/Controllers/FrontendController.php
69847fa06bac3e59a81214a1d7cb9b6b;src/Controllers/Controller.php
150721e2d1269b8f464a3c5b33498dea;src/Controllers/AdminStoresController.php
e21e6017b7cc3f4f44df029632189683;src/Controllers/CronJobController.php
f4bb156beae2bd3353ee0d1ed60cef12;src/Controllers/FeedController.php
0ea06fb62972643c5a8f87a295868524;src/Utils/Config.php
2ce65050e16e761dfe22365742c86906;src/Utils/Snippets.php
d2f7e05ae0adc869216fd807ef67080c;src/Utils/Compatibility.php
ec79effa7b2c01d79778afd1915daa33;src/Utils/Helpers.php
41ff7640b67a6878c6239f5d0f87fb96;src/Utils/AttributesHelper.php
81532310c0eb4b615bc85764fe28f0af;src/Utils/Logger.php
641bffb4179f90a6207be02b633209bb;src/Utils/LoggerTrait.php
9fbff732e73b88b05c0822ea88fec8cd;src/Models/StoreModel.php
28cf24b67bfac08c44270a5f33a9cb1c;src/Models/Model.php
a29a2a7faaf9787e1704c22842d32d10;.htaccess
a4113ab277a4a063a1a9d2d5cdd7e15d;info.xml
733ae9ad6fd53b026b1fa6d35c325db4;README_bck.md
3013aa13dbf64f92ce104b8e6ad0addd;frontend/feed.php
aba481f88115d9b27231a87eb08dd23a;frontend/template/clerk_searchresults.tpl
6e78d8990fcabb9088ab4e0f6fdfce7b;frontend/template/clerk_category.tpl
060f9f68086e80bdd35042bc733bb821;frontend/template/clerk_shopping_cart.tpl
b3bad16742aaebab5c48e657bea3b374;frontend/template/clerk_omni_search.tpl
35c05936d2b72c90c992e11e2879b99c;frontend/template/clerk_article.tpl
c5f1a8544f14d3cd5b4e30d54055edca;frontend/template/clerk_power_step.tpl
f00f0e543a85f18f14b33553fd70af52;frontend/template/clerk_config.tpl
b68474d01d4d923416fec7680f64a2a3;frontend/template/clerk_sales_tracking.tpl
9f1586270318c8d28725acbef33a90e5;frontend/template/clerk_exit_intent.tpl
9d6b29044c083de250f2168b9ccbdbae;frontend/template/clerk_live_search.tpl
d41d8cd98f00b204e9800998ecf8427e;frontend/s360_clerk_searchresults.php
3a5feaa79f07ef1d31c569984cfd6d99;Commands/CronCommand.php
c3218091a4b87432a9e11f26092185e9;Bootstrap.php
77bd759e3563c660ea83b0f89ecc0a4d;adminmenu/js/app.js
c74e79a4b6b794db874a9fea002595cd;adminmenu/template/dashboard/details.tpl
fc5cfd698d4430b31ec7288eef86d07d;adminmenu/template/stores/settings.tpl
51ef9295bc6acdd34f121ad3d138191a;adminmenu/template/stores/listing.tpl
4b8c7eb60a60f66906e9058c60f55d01;adminmenu/css/dashboard.css
6bbf418857812dfd2a9f6ccf18bb81c6;.jshintrc
45f03bbcf676262b80dd9e77bc85aa5c;phpmd-ruleset.xml
555d8ed696407ce3698cb6247ca42ccc;Migrations/Migration20230623083000.php
97054f9eca27ff457437df1e952577b2;Migrations/Migration20230418084900.php
069a0608e183d7c0bb613282f6fac628;Migrations/Migration20230418084859.php
