6826b4704d911572c4d3e532bf41a995;locale/de-DE/base.mo
123ee02a4d32f8599abbfeb3d20b7778;locale/de-DE/base.po
043bc69a9c747ed126de9fd425fcb716;locale/en-GB/base.mo
6ad9068a04d45c7c58f99a7833ebfba3;locale/en-GB/base.po
291ed320a5f9752e4670d809086679b5;.htaccess
87eece04847cd3a1946459f1c1f8e9e4;info.xml
38b3aa9f8a3d5678f9ee047d9b9d65f5;lib/Entities/AccountMapping.php
192d2f92318e89951270eed5c0b36202;lib/Entities/Subscription.php
0b734067696aaa8e1b2d60026696790e;lib/Mappers/AddressMapper.php
2da29c7e5571cbae3f33e1084400537e;lib/Mappers/LanguageMapper.php
7a5609fd224ebd69f6574b6e5b454768;lib/Exceptions/ParameterValidationException.php
f0c00cec8e7118693c2fc687d6443f47;lib/Exceptions/StatusHandlerException.php
dd3ab9ea4f832b84131ca13d57372253;lib/Exceptions/InvalidConfigurationException.php
f0d4fea928690d5b87cddb0939784bca;lib/Exceptions/TechnicalException.php
7d8c2a02fb7919850edd7cbdb7218a73;lib/Exceptions/MethodNotImplementedException.php
c4e3ec2113c0bd0180e1c5d2f4bebb03;lib/Exceptions/InvalidParameterException.php
194f1300f9e5176f6f0f7cd50230872a;lib/Controllers/SubscriptionCustomerController.php
7bc78c914a06054a62cc3b6a880ea05a;lib/Controllers/Admin/AdminConfigController.php
931d46d43ab2c5303ee9260f4c20d873;lib/Controllers/Admin/AdminController.php
916b590e0617d7776855a204ec0abf29;lib/Controllers/Admin/AdminAjaxController.php
366951033b47f2c3b7bd040df2aaf04e;lib/Controllers/Admin/AdminSubscriptionsController.php
eed5c4c7901f9bd634fd41fb9bb3a4ce;lib/Controllers/Admin/AdminOrdersController.php
a44d241e768fbfdf3867359c9c61328a;lib/Controllers/ReturnController.php
13bcd9813d7a8a4ac9012b1038ff8f8d;lib/Controllers/AutoKeyExchangeController.php
93c4ad32976ba57b868cf4c19acbbde4;lib/Controllers/CronjobController.php
d1b4caeac668cf17b69614c71a6c94c5;lib/Controllers/AdditionalPaymentButtonRedirectController.php
bce470349c0fefabd3e3a5189b9049a1;lib/Controllers/CheckoutResultController.php
6c863798b40d455205404c16c2992e45;lib/Controllers/SyncController.php
a81a6ebca1de656fc67dc7039b16923b;lib/Controllers/StatusController.php
f78b47c3a548c12ddbf42d284c1a5123;lib/Controllers/CustomerAccountController.php
60c687fa50b40fa1f44499f7c4e71b45;lib/Controllers/SessionController.php
02fa9a4c3028734562af98588df858a5;lib/Controllers/IpnController.php
f87a2d34bdd4b56ef1d1cbc75f7289d3;lib/Controllers/CheckoutController.php
9099bbd035f9f025c997f08627e7d1a6;lib/Controllers/FrontendOutputController.php
48266118a691816684e6835418cdc0a6;lib/Controllers/AjaxController.php
bb411c0aab843efaee627f79645b924c;lib/Controllers/SubscriptionController.php
cd13487935c91b2884199d47d32307e2;lib/Controllers/LoginController.php
31f89e6709493b570e3ad0861b3703aa;lib/Cron/Cronjob.php
40846e08b0ae07611e484df42e16e680;lib/Adapter/IpnAdapter.php
0b73444b162122c744b0824f01054869;lib/Adapter/SnsMessageValidator/composer.json
d0dc2b2b74e675d3c094b7623a97e2be;lib/Adapter/SnsMessageValidator/composer.lock
c5bb41d4c198d17245a30bc77121ef63;lib/Adapter/SnsMessageValidator/vendor/psr/http-message/CHANGELOG.md
1cbeade761cf023fec4118789f35c352;lib/Adapter/SnsMessageValidator/vendor/psr/http-message/composer.json
9f968a5accc656ebb969b6a973f43610;lib/Adapter/SnsMessageValidator/vendor/psr/http-message/src/RequestInterface.php
dde87a38357aa58a17128df6bca5a554;lib/Adapter/SnsMessageValidator/vendor/psr/http-message/src/StreamInterface.php
5b86144b4235dd435ae390a2d2b497e1;lib/Adapter/SnsMessageValidator/vendor/psr/http-message/src/MessageInterface.php
77f0ea01e2cd3a2848d1dec182b2c9eb;lib/Adapter/SnsMessageValidator/vendor/psr/http-message/src/UriInterface.php
8694cf6882b28ef2c24c444d290682ea;lib/Adapter/SnsMessageValidator/vendor/psr/http-message/src/ServerRequestInterface.php
3a902ea57f57a8250e371ba6ea40c3b1;lib/Adapter/SnsMessageValidator/vendor/psr/http-message/src/ResponseInterface.php
bf303071ee88d14c0b9f4482002698a0;lib/Adapter/SnsMessageValidator/vendor/psr/http-message/src/UploadedFileInterface.php
1b0b156bcf7972a5f131e1e461e84b30;lib/Adapter/SnsMessageValidator/vendor/psr/http-message/LICENSE
515a9aec472cb9a51fb7af5679e8f895;lib/Adapter/SnsMessageValidator/vendor/psr/http-message/README.md
0f3a6f92c57231c68c6daa1b8f5e8682;lib/Adapter/SnsMessageValidator/vendor/autoload.php
6ccf47bdd376d060df218c76427cbf84;lib/Adapter/SnsMessageValidator/vendor/composer/autoload_real.php
533eb16a4927b24777f6c7584a793761;lib/Adapter/SnsMessageValidator/vendor/composer/autoload_static.php
35e12c7d76c4a81633bcf547c0e229a9;lib/Adapter/SnsMessageValidator/vendor/composer/autoload_namespaces.php
ef0f1e8160a2484995664ff98a7c55a2;lib/Adapter/SnsMessageValidator/vendor/composer/installed.json
a8155ff52a929a626d51b60532fb1c68;lib/Adapter/SnsMessageValidator/vendor/composer/autoload_psr4.php
a0899dd7d97c25fe1d872a542afa6081;lib/Adapter/SnsMessageValidator/vendor/composer/ClassLoader.php
955d5fe58c231244f6b49000f383b5e2;lib/Adapter/SnsMessageValidator/vendor/composer/LICENSE
8645d3a4e3ad87e7cf4d88a46717aab4;lib/Adapter/SnsMessageValidator/vendor/composer/autoload_classmap.php
cfaae249807c7a26b4ffc483c7ae37a8;lib/Adapter/SnsMessageValidator/vendor/aws/aws-php-sns-message-validator/.travis.yml
4a1986582bd12f9aea2aec46b81e0413;lib/Adapter/SnsMessageValidator/vendor/aws/aws-php-sns-message-validator/LICENSE.md
a3ba0f30375865ebd31e444709f4d909;lib/Adapter/SnsMessageValidator/vendor/aws/aws-php-sns-message-validator/composer.json
dfa0da5ba4cb013f70de9c8b0312df3e;lib/Adapter/SnsMessageValidator/vendor/aws/aws-php-sns-message-validator/src/MessageValidator.php
e85ea1a617169a212b55620e6cc0e74e;lib/Adapter/SnsMessageValidator/vendor/aws/aws-php-sns-message-validator/src/Exception/InvalidSnsMessageException.php
dc08ec6586da18d5a3c55336ec672160;lib/Adapter/SnsMessageValidator/vendor/aws/aws-php-sns-message-validator/src/Message.php
c0991dcf2e463db12684c95c83994713;lib/Adapter/SnsMessageValidator/vendor/aws/aws-php-sns-message-validator/.gitignore
091a8b3b5e110d59a81c4ef119e82867;lib/Adapter/SnsMessageValidator/vendor/aws/aws-php-sns-message-validator/CONTRIBUTING.md
de03e16499b86e3288f76b8bb5bc6027;lib/Adapter/SnsMessageValidator/vendor/aws/aws-php-sns-message-validator/.github/ISSUE_TEMPLATE/feature_request.md
73fbb11676402419d1c38f865f37f151;lib/Adapter/SnsMessageValidator/vendor/aws/aws-php-sns-message-validator/.github/ISSUE_TEMPLATE/general_issue.md
89d7b3db6efc486dd7aa24c1ff46cd25;lib/Adapter/SnsMessageValidator/vendor/aws/aws-php-sns-message-validator/.github/PULL_REQUEST_TEMPLATE.md
272b5b8ee81d7483751e5490656b9d0a;lib/Adapter/SnsMessageValidator/vendor/aws/aws-php-sns-message-validator/phpunit.xml.dist
1e881db65c50b06b1c6f5183c5c15591;lib/Adapter/SnsMessageValidator/vendor/aws/aws-php-sns-message-validator/tests/MessageTest.php
b7f27664901068c86e108ff18ad4724c;lib/Adapter/SnsMessageValidator/vendor/aws/aws-php-sns-message-validator/tests/MessageValidatorTest.php
23a4bc8ed3848ceb30347a74d9b5de7a;lib/Adapter/SnsMessageValidator/vendor/aws/aws-php-sns-message-validator/tests/FunctionalValidationsTest.php
2b8edb602648fbf1343b503a9952091d;lib/Adapter/SnsMessageValidator/vendor/aws/aws-php-sns-message-validator/tests/MockPhpStream.php
e60ad212681769aed5b831f963c5f406;lib/Adapter/SnsMessageValidator/vendor/aws/aws-php-sns-message-validator/CODE_OF_CONDUCT.md
d58580584e973c184ade603689f15966;lib/Adapter/SnsMessageValidator/vendor/aws/aws-php-sns-message-validator/README.md
e8ee8b919d5d31134fd93155b6bbf483;lib/Adapter/ApiV2SDK/composer.json
ee5d4642ad936daed18189d47de9d9db;lib/Adapter/ApiV2SDK/composer.lock
6e69c38788ff5c6d0982a342a9839e3f;lib/Adapter/ApiV2SDK/vendor/amzn/amazon-pay-api-sdk-php/composer.json
2284e077b331301f6b1660ac0539c051;lib/Adapter/ApiV2SDK/vendor/amzn/amazon-pay-api-sdk-php/CONTRIBUTING.md
e8a3900ea4ed0e5d17b0ecf6ccf5b0d0;lib/Adapter/ApiV2SDK/vendor/amzn/amazon-pay-api-sdk-php/NOTICE.txt
899a25c77004ebeeaf97805d3328bcec;lib/Adapter/ApiV2SDK/vendor/amzn/amazon-pay-api-sdk-php/.github/PULL_REQUEST_TEMPLATE.md
a2902dde363cc47e77b10c7fc7eaee21;lib/Adapter/ApiV2SDK/vendor/amzn/amazon-pay-api-sdk-php/tests/unit/unit_test_key_public.txt
00e4ee8e3e875789c801bf8ebfae8a21;lib/Adapter/ApiV2SDK/vendor/amzn/amazon-pay-api-sdk-php/tests/unit/ClientTest.php
0d209fd7b54d713fbc2457a889d1dc41;lib/Adapter/ApiV2SDK/vendor/amzn/amazon-pay-api-sdk-php/tests/unit/unit_test_key_private.txt
e60ad212681769aed5b831f963c5f406;lib/Adapter/ApiV2SDK/vendor/amzn/amazon-pay-api-sdk-php/CODE_OF_CONDUCT.md
23989831846bf543ad654bd921768529;lib/Adapter/ApiV2SDK/vendor/amzn/amazon-pay-api-sdk-php/Amazon/Pay/API/HttpCurl.php
a73764dfab8e32cbe0b84e5ccaf678c7;lib/Adapter/ApiV2SDK/vendor/amzn/amazon-pay-api-sdk-php/Amazon/Pay/API/ReportingClientInterface.php
9557d33be25f38063bd350865df83cc4;lib/Adapter/ApiV2SDK/vendor/amzn/amazon-pay-api-sdk-php/Amazon/Pay/API/ClientInterface.php
986e4a38035bb16cff76ed1547b2e698;lib/Adapter/ApiV2SDK/vendor/amzn/amazon-pay-api-sdk-php/Amazon/Pay/API/Client.php
1abd1cfbebfcb555bf41059e5c8d3cf8;lib/Adapter/ApiV2SDK/vendor/amzn/amazon-pay-api-sdk-php/LICENSE.txt
eee11f4283b2ff489c5d8d312237b40b;lib/Adapter/ApiV2SDK/vendor/amzn/amazon-pay-api-sdk-php/CHANGES.md
62bce94dd8cec97ee35ba2d0659c5d33;lib/Adapter/ApiV2SDK/vendor/amzn/amazon-pay-api-sdk-php/README.md
3012f773b400715a955cffa18c8016e0;lib/Adapter/ApiV2SDK/vendor/phpseclib/phpseclib/AUTHORS
73b3842edccd16f5d5a8d10c4c662abe;lib/Adapter/ApiV2SDK/vendor/phpseclib/phpseclib/composer.json
0b27e2a16f32135b23a3aff85dce4d48;lib/Adapter/ApiV2SDK/vendor/phpseclib/phpseclib/phpseclib/Crypt/PublicKeyLoader.php
fb2c48987c1b2979e2eb2707d9d6f7ee;lib/Adapter/ApiV2SDK/vendor/phpseclib/phpseclib/phpseclib/Crypt/EC.php
c276111606c949e7e4fdf24109eefd7c;lib/Adapter/ApiV2SDK/vendor/phpseclib/phpseclib/phpseclib/Crypt/RC2.php
f3d9466e70a22466aacab3e0d972aa1c;lib/Adapter/ApiV2SDK/vendor/phpseclib/phpseclib/phpseclib/Crypt/DSA.php
e15c4cb460be436a8c1f85ecc59aa00f;lib/Adapter/ApiV2SDK/vendor/phpseclib/phpseclib/phpseclib/Crypt/Hash.php
9f12631445db8c53b38d9fe6ea8e8b08;lib/Adapter/ApiV2SDK/vendor/phpseclib/phpseclib/phpseclib/Crypt/RC4.php
ecbdbe82f05e29c0fbe0db2172b573a3;lib/Adapter/ApiV2SDK/vendor/phpseclib/phpseclib/phpseclib/Crypt/DES.php
f4571a2829af68d7db5cd6c77480f612;lib/Adapter/ApiV2SDK/vendor/phpseclib/phpseclib/phpseclib/Crypt/Salsa20.php
4a00072d3214e7fe7e25960eed28bd9e;lib/Adapter/ApiV2SDK/vendor/phpseclib/phpseclib/phpseclib/Crypt/Blowfish.php
644f1f0e112096e815bd68f6f71d5e7c;lib/Adapter/ApiV2SDK/vendor/phpseclib/phpseclib/phpseclib/Crypt/DSA/PublicKey.php
2bd613013cff291d573af61d6a113afc;lib/Adapter/ApiV2SDK/vendor/phpseclib/phpseclib/phpseclib/Crypt/DSA/PrivateKey.php
be41f929cc2e3f28ab1ced739e90dd83;lib/Adapter/ApiV2SDK/vendor/phpseclib/phpseclib/phpseclib/Crypt/DSA/Parameters.php
af18c1e7450f809d6991dca13082bab8;lib/Adapter/ApiV2SDK/vendor/phpseclib/phpseclib/phpseclib/Crypt/DSA/Formats/Keys/PuTTY.php
369ed8e429a5dbe38116f6db7c1751b3;lib/Adapter/ApiV2SDK/vendor/phpseclib/phpseclib/phpseclib/Crypt/DSA/Formats/Keys/PKCS1.php
93300df106e2922078732b396f2090ed;lib/Adapter/ApiV2SDK/vendor/phpseclib/phpseclib/phpseclib/Crypt/DSA/Formats/Keys/PKCS8.php
6808232a1531e8e8603dd3fa3295ccd0;lib/Adapter/ApiV2SDK/vendor/phpseclib/phpseclib/phpseclib/Crypt/DSA/Formats/Keys/OpenSSH.php
7c9b854c014e2d43e3c30cab5b322614;lib/Adapter/ApiV2SDK/vendor/phpseclib/phpseclib/phpseclib/Crypt/DSA/Formats/Keys/Raw.php
886a417d24ececc0ca4696ebcbf692b7;lib/Adapter/ApiV2SDK/vendor/phpseclib/phpseclib/phpseclib/Crypt/DSA/Formats/Keys/XML.php
f8502816dd8342852890a68a9fb56b80;lib/Adapter/ApiV2SDK/vendor/phpseclib/phpseclib/phpseclib/Crypt/DSA/Formats/Signature/ASN1.php
d22968b4ab2ba4edc8f0b3548d48bbef;lib/Adapter/ApiV2SDK/vendor/phpseclib/phpseclib/phpseclib/Crypt/DSA/Formats/Signature/SSH2.php
9d94fcf7c2c31ac144ecdcf399122454;lib/Adapter/ApiV2SDK/vendor/phpseclib/phpseclib/phpseclib/Crypt/DSA/Formats/Signature/Raw.php
b95caf1ae25f76e0c88afc6953cb5074;lib/Adapter/ApiV2SDK/vendor/phpseclib/phpseclib/phpseclib/Crypt/Rijndael.php
38bb16dd513e0127896e008d861e149f;lib/Adapter/ApiV2SDK/vendor/phpseclib/phpseclib/phpseclib/Crypt/EC/Curves/prime239v2.php
da8225ff8f61ea4fc723aefc82368c23;lib/Adapter/ApiV2SDK/vendor/phpseclib/phpseclib/phpseclib/Crypt/EC/Curves/nistk163.php
f99b47e07072dbec9de6e1b9d612c129;lib/Adapter/ApiV2SDK/vendor/phpseclib/phpseclib/phpseclib/Crypt/EC/Curves/nistp384.php
24284308da3c26af6d6fd576feddfeea;lib/Adapter/ApiV2SDK/vendor/phpseclib/phpseclib/phpseclib/Crypt/EC/Curves/sect193r1.php
bbefe9f3455fbbe758ccae26f0939732;lib/Adapter/ApiV2SDK/vendor/phpseclib/phpseclib/phpseclib/Crypt/EC/Curves/prime239v3.php
d625abf16a2d4c93f5502cef4fbeffa1;lib/Adapter/ApiV2SDK/vendor/phpseclib/phpseclib/phpseclib/Crypt/EC/Curves/nistb233.php
87faeb4ff9edf6e442fb6c233d866b2c;lib/Adapter/ApiV2SDK/vendor/phpseclib/phpseclib/phpseclib/Crypt/EC/Curves/secp384r1.php
5cae8b66c8b6c549e233d371f702af0f;lib/Adapter/ApiV2SDK/vendor/phpseclib/phpseclib/phpseclib/Crypt/EC/Curves/secp521r1.php
da7dbaade8adfdff94d3012846b40fe0;lib/Adapter/ApiV2SDK/vendor/phpseclib/phpseclib/phpseclib/Crypt/EC/Curves/nistp256.php
617693d0796bcdc00a0687b6e9a266a8;lib/Adapter/ApiV2SDK/vendor/phpseclib/phpseclib/phpseclib/Crypt/EC/Curves/Curve25519.php
2e808c3ad853412ea67d11dc495ba179;lib/Adapter/ApiV2SDK/vendor/phpseclib/phpseclib/phpseclib/Crypt/EC/Curves/Curve448.php
3e9a642ffccc5aba7e3b139ee02c1fa4;lib/Adapter/ApiV2SDK/vendor/phpseclib/phpseclib/phpseclib/Crypt/EC/Curves/secp256k1.php
c3f1909add6aaa0b5dbae84ffc789ebc;lib/Adapter/ApiV2SDK/vendor/phpseclib/phpseclib/phpseclib/Crypt/EC/Curves/brainpoolP512t1.php
0829218146b19bef32bf528866444b0f;lib/Adapter/ApiV2SDK/vendor/phpseclib/phpseclib/phpseclib/Crypt/EC/Curves/secp160r1.php
cbc5b2ed355020727a357a93d5d67766;lib/Adapter/ApiV2SDK/vendor/phpseclib/phpseclib/phpseclib/Crypt/EC/Curves/brainpoolP192r1.php
2d5cc3f9fc0c805cb7196ce21845f8b4;lib/Adapter/ApiV2SDK/vendor/phpseclib/phpseclib/phpseclib/Crypt/EC/Curves/prime192v3.php
83b7013b8de8575c6939236a866ebb66;lib/Adapter/ApiV2SDK/vendor/phpseclib/phpseclib/phpseclib/Crypt/EC/Curves/nistk283.php
75ed2679c72a374db1c411488e138fc6;lib/Adapter/ApiV2SDK/vendor/phpseclib/phpseclib/phpseclib/Crypt/EC/Curves/secp128r1.php
3542a0925fc4446ddc94cd3b097a247f;lib/Adapter/ApiV2SDK/vendor/phpseclib/phpseclib/phpseclib/Crypt/EC/Curves/brainpoolP160r1.php
6a872a8bf1eb0fa8870de4d326185d36;lib/Adapter/ApiV2SDK/vendor/phpseclib/phpseclib/phpseclib/Crypt/EC/Curves/nistt571.php
44b9ff1e875f430237714e3a11fa21fc;lib/Adapter/ApiV2SDK/vendor/phpseclib/phpseclib/phpseclib/Crypt/EC/Curves/brainpoolP256t1.php
b0f42b9383e05bee355b9836d68f84bc;lib/Adapter/ApiV2SDK/vendor/phpseclib/phpseclib/phpseclib/Crypt/EC/Curves/secp192k1.php
1f9c07d32fe997ad6e880bb5e936c52f;lib/Adapter/ApiV2SDK/vendor/phpseclib/phpseclib/phpseclib/Crypt/EC/Curves/prime192v2.php
203955d4495b242e33d26ef526627424;lib/Adapter/ApiV2SDK/vendor/phpseclib/phpseclib/phpseclib/Crypt/EC/Curves/sect571r1.php
98b962609db730fc29aba06b8f2b7a3c;lib/Adapter/ApiV2SDK/vendor/phpseclib/phpseclib/phpseclib/Crypt/EC/Curves/sect283k1.php
8f1392fd67bf9e910523c8ebd4f01ab3;lib/Adapter/ApiV2SDK/vendor/phpseclib/phpseclib/phpseclib/Crypt/EC/Curves/Ed25519.php
7c49e3fccf9756903be0d48302196b5e;lib/Adapter/ApiV2SDK/vendor/phpseclib/phpseclib/phpseclib/Crypt/EC/Curves/secp112r2.php
442b2fe179001f65ccf7143697a8ed3d;lib/Adapter/ApiV2SDK/vendor/phpseclib/phpseclib/phpseclib/Crypt/EC/Curves/secp192r1.php
351072838aa7a4696e8e27d517773060;lib/Adapter/ApiV2SDK/vendor/phpseclib/phpseclib/phpseclib/Crypt/EC/Curves/secp256r1.php
a4afc0f227d11b9fbe99cc28e38610f9;lib/Adapter/ApiV2SDK/vendor/phpseclib/phpseclib/phpseclib/Crypt/EC/Curves/brainpoolP384r1.php
bf81a6374cd79a801400f6aae0d4cbbc;lib/Adapter/ApiV2SDK/vendor/phpseclib/phpseclib/phpseclib/Crypt/EC/Curves/nistk409.php
0fb2a1f09ccde2a66e805e8e2ca4df32;lib/Adapter/ApiV2SDK/vendor/phpseclib/phpseclib/phpseclib/Crypt/EC/Curves/sect571k1.php
f6fb7890cc2d544e5d438c9e34912a16;lib/Adapter/ApiV2SDK/vendor/phpseclib/phpseclib/phpseclib/Crypt/EC/Curves/nistb409.php
1fcd67e0de877b8e8f004478eb00eda3;lib/Adapter/ApiV2SDK/vendor/phpseclib/phpseclib/phpseclib/Crypt/EC/Curves/sect283r1.php
49cd6c2342d868b57a64e81f2ef24561;lib/Adapter/ApiV2SDK/vendor/phpseclib/phpseclib/phpseclib/Crypt/EC/Curves/nistk233.php
3c309e19339b4bf23b2d0d620eb58306;lib/Adapter/ApiV2SDK/vendor/phpseclib/phpseclib/phpseclib/Crypt/EC/Curves/sect113r1.php
080094920a7db400cae193fd514e0b53;lib/Adapter/ApiV2SDK/vendor/phpseclib/phpseclib/phpseclib/Crypt/EC/Curves/sect131r2.php
e948f4a79170fb2d8fb3d3d1f2349cb9;lib/Adapter/ApiV2SDK/vendor/phpseclib/phpseclib/phpseclib/Crypt/EC/Curves/secp160r2.php
e4f5443afa7520a442c70d0dc06897d0;lib/Adapter/ApiV2SDK/vendor/phpseclib/phpseclib/phpseclib/Crypt/EC/Curves/sect239k1.php
5569f64fe641f01510994081c23b724e;lib/Adapter/ApiV2SDK/vendor/phpseclib/phpseclib/phpseclib/Crypt/EC/Curves/nistp192.php
747fabd8969e686a8528d40258dba5de;lib/Adapter/ApiV2SDK/vendor/phpseclib/phpseclib/phpseclib/Crypt/EC/Curves/sect233r1.php
8c2fe0179015ab6b00830dbc07c91b84;lib/Adapter/ApiV2SDK/vendor/phpseclib/phpseclib/phpseclib/Crypt/EC/Curves/nistp521.php
7b666317b38a0ac7d32d86f4cb92a194;lib/Adapter/ApiV2SDK/vendor/phpseclib/phpseclib/phpseclib/Crypt/EC/Curves/brainpoolP320t1.php
dbece4a6c174eca6fa98c08855c8a9b3;lib/Adapter/ApiV2SDK/vendor/phpseclib/phpseclib/phpseclib/Crypt/EC/Curves/brainpoolP160t1.php
e99d7c70670820a38b271d734c961341;lib/Adapter/ApiV2SDK/vendor/phpseclib/phpseclib/phpseclib/Crypt/EC/Curves/sect163r2.php
fde54d2b5d2cc88ef7ed182a307e9447;lib/Adapter/ApiV2SDK/vendor/phpseclib/phpseclib/phpseclib/Crypt/EC/Curves/secp128r2.php
8a6c11c5330fe1577428ef173accd5c6;lib/Adapter/ApiV2SDK/vendor/phpseclib/phpseclib/phpseclib/Crypt/EC/Curves/Ed448.php
487bc618d40e35490be1750b7fafe1a1;lib/Adapter/ApiV2SDK/vendor/phpseclib/phpseclib/phpseclib/Crypt/EC/Curves/sect193r2.php
420fd97c6e6395dea3c41ea63a151503;lib/Adapter/ApiV2SDK/vendor/phpseclib/phpseclib/phpseclib/Crypt/EC/Curves/sect163r1.php
29f5f9c48a9e19eb687fb8cab325c591;lib/Adapter/ApiV2SDK/vendor/phpseclib/phpseclib/phpseclib/Crypt/EC/Curves/secp224k1.php
af1aafd7e929c39c243eab4db3f764a8;lib/Adapter/ApiV2SDK/vendor/phpseclib/phpseclib/phpseclib/Crypt/EC/Curves/sect233k1.php
2982b9b3a7534834c313f10ff71e5b22;lib/Adapter/ApiV2SDK/vendor/phpseclib/phpseclib/phpseclib/Crypt/EC/Curves/sect409k1.php
18d55ee9124467289008c85d0d6e15ab;lib/Adapter/ApiV2SDK/vendor/phpseclib/phpseclib/phpseclib/Crypt/EC/Curves/secp160k1.php
7654b83eff2a8e616a19ed2304c0036a;lib/Adapter/ApiV2SDK/vendor/phpseclib/phpseclib/phpseclib/Crypt/EC/Curves/sect113r2.php
abf12e93c8a5744520f0ec11615a3b9f;lib/Adapter/ApiV2SDK/vendor/phpseclib/phpseclib/phpseclib/Crypt/EC/Curves/brainpoolP224r1.php
fcdcf6d46a29e9ef30a4ad19809e2bdc;lib/Adapter/ApiV2SDK/vendor/phpseclib/phpseclib/phpseclib/Crypt/EC/Curves/sect409r1.php
209799bf9c7b6e2b9ca7037da44f9121;lib/Adapter/ApiV2SDK/vendor/phpseclib/phpseclib/phpseclib/Crypt/EC/Curves/secp112r1.php
8519adac393dd5ac2c0654ac581c86cf;lib/Adapter/ApiV2SDK/vendor/phpseclib/phpseclib/phpseclib/Crypt/EC/Curves/prime239v1.php
639ec2735668d4fe6afa419104f1516b;lib/Adapter/ApiV2SDK/vendor/phpseclib/phpseclib/phpseclib/Crypt/EC/Curves/prime256v1.php
f79737664973102e8272ef2c11b7e974;lib/Adapter/ApiV2SDK/vendor/phpseclib/phpseclib/phpseclib/Crypt/EC/Curves/sect131r1.php
f7c40494abfbc18d7918089bb492a3f8;lib/Adapter/ApiV2SDK/vendor/phpseclib/phpseclib/phpseclib/Crypt/EC/Curves/brainpoolP512r1.php
3bbe42422c625bd09c2654d51a6c3dac;lib/Adapter/ApiV2SDK/vendor/phpseclib/phpseclib/phpseclib/Crypt/EC/Curves/brainpoolP320r1.php
38637eafa4a763d7769835df2136778c;lib/Adapter/ApiV2SDK/vendor/phpseclib/phpseclib/phpseclib/Crypt/EC/Curves/sect163k1.php
1355ede54f39a1c17438d44981f2eb88;lib/Adapter/ApiV2SDK/vendor/phpseclib/phpseclib/phpseclib/Crypt/EC/Curves/nistp224.php
706c4f2d8efdbc0f83676ee608e56d96;lib/Adapter/ApiV2SDK/vendor/phpseclib/phpseclib/phpseclib/Crypt/EC/Curves/brainpoolP384t1.php
828a3469e1645d813668af13ce87b8d3;lib/Adapter/ApiV2SDK/vendor/phpseclib/phpseclib/phpseclib/Crypt/EC/Curves/brainpoolP192t1.php
5c5486d4b757d1cd512cdb9a8204ac76;lib/Adapter/ApiV2SDK/vendor/phpseclib/phpseclib/phpseclib/Crypt/EC/Curves/brainpoolP256r1.php
0ef779ff43f27a189cb3bb68a5823f17;lib/Adapter/ApiV2SDK/vendor/phpseclib/phpseclib/phpseclib/Crypt/EC/Curves/brainpoolP224t1.php
9a15efda0ba337785d71f9969f835474;lib/Adapter/ApiV2SDK/vendor/phpseclib/phpseclib/phpseclib/Crypt/EC/Curves/prime192v1.php
25b328f08529a5d4b2b7bc2021d0cdcd;lib/Adapter/ApiV2SDK/vendor/phpseclib/phpseclib/phpseclib/Crypt/EC/Curves/secp224r1.php
2d2d9357e4a746187945dcb9de8f1826;lib/Adapter/ApiV2SDK/vendor/phpseclib/phpseclib/phpseclib/Crypt/EC/PublicKey.php
858a28e656cda58931d161ce703678dd;lib/Adapter/ApiV2SDK/vendor/phpseclib/phpseclib/phpseclib/Crypt/EC/PrivateKey.php
5ef83b1b672f99a2149ff77c6de5874d;lib/Adapter/ApiV2SDK/vendor/phpseclib/phpseclib/phpseclib/Crypt/EC/BaseCurves/KoblitzPrime.php
15bede782306d10483e0e01ad9b20c32;lib/Adapter/ApiV2SDK/vendor/phpseclib/phpseclib/phpseclib/Crypt/EC/BaseCurves/Base.php
2607d8f333a68ff02d01932bb83fbbe2;lib/Adapter/ApiV2SDK/vendor/phpseclib/phpseclib/phpseclib/Crypt/EC/BaseCurves/TwistedEdwards.php
7c56edcc02c32f8ce3474127745089d4;lib/Adapter/ApiV2SDK/vendor/phpseclib/phpseclib/phpseclib/Crypt/EC/BaseCurves/Montgomery.php
01478fc058f51bf3b3b27fce31dcde3a;lib/Adapter/ApiV2SDK/vendor/phpseclib/phpseclib/phpseclib/Crypt/EC/BaseCurves/Prime.php
ca1cf6ff338e0a7f3ece84179a766b06;lib/Adapter/ApiV2SDK/vendor/phpseclib/phpseclib/phpseclib/Crypt/EC/BaseCurves/Binary.php
8c0d2120d75748c1877e858264ed2eed;lib/Adapter/ApiV2SDK/vendor/phpseclib/phpseclib/phpseclib/Crypt/EC/Parameters.php
b7436aefdb4151fac3ad7187f168c061;lib/Adapter/ApiV2SDK/vendor/phpseclib/phpseclib/phpseclib/Crypt/EC/Formats/Keys/PuTTY.php
0c18565c34cd7ab1759574d7624e2db0;lib/Adapter/ApiV2SDK/vendor/phpseclib/phpseclib/phpseclib/Crypt/EC/Formats/Keys/PKCS1.php
8c857a38083b675aba4a34ce4f57f033;lib/Adapter/ApiV2SDK/vendor/phpseclib/phpseclib/phpseclib/Crypt/EC/Formats/Keys/Common.php
f0273d54acfa35498235e6fa0d4a9479;lib/Adapter/ApiV2SDK/vendor/phpseclib/phpseclib/phpseclib/Crypt/EC/Formats/Keys/libsodium.php
f54e9af901f62c74fe9f567575fa9aee;lib/Adapter/ApiV2SDK/vendor/phpseclib/phpseclib/phpseclib/Crypt/EC/Formats/Keys/MontgomeryPrivate.php
0abe6d481621b2fbbbe3c952a5c43e66;lib/Adapter/ApiV2SDK/vendor/phpseclib/phpseclib/phpseclib/Crypt/EC/Formats/Keys/PKCS8.php
125a5b7047f33910b751357b6933fb53;lib/Adapter/ApiV2SDK/vendor/phpseclib/phpseclib/phpseclib/Crypt/EC/Formats/Keys/OpenSSH.php
505010d5d635d3be3d228d9cf8c60677;lib/Adapter/ApiV2SDK/vendor/phpseclib/phpseclib/phpseclib/Crypt/EC/Formats/Keys/MontgomeryPublic.php
a3bcf43522ee482fad9ada5f25a72f0f;lib/Adapter/ApiV2SDK/vendor/phpseclib/phpseclib/phpseclib/Crypt/EC/Formats/Keys/JWK.php
10df3dcaef3a96b4b12be65afc528404;lib/Adapter/ApiV2SDK/vendor/phpseclib/phpseclib/phpseclib/Crypt/EC/Formats/Keys/XML.php
e75d3205969aeb12a5753e83bb9aca2d;lib/Adapter/ApiV2SDK/vendor/phpseclib/phpseclib/phpseclib/Crypt/EC/Formats/Signature/ASN1.php
79fd02cf5d028e019b10830fcac61f4e;lib/Adapter/ApiV2SDK/vendor/phpseclib/phpseclib/phpseclib/Crypt/EC/Formats/Signature/SSH2.php
243a88eea5b939ace6db9da70b3ebd6f;lib/Adapter/ApiV2SDK/vendor/phpseclib/phpseclib/phpseclib/Crypt/EC/Formats/Signature/Raw.php
af21a780fc59992b916b419d9e40b2db;lib/Adapter/ApiV2SDK/vendor/phpseclib/phpseclib/phpseclib/Crypt/Random.php
69f80949b9a90d0cc5e0cf85a3cc6410;lib/Adapter/ApiV2SDK/vendor/phpseclib/phpseclib/phpseclib/Crypt/DH/PublicKey.php
b780ef6555f6ec50ff044acc0cb33c4a;lib/Adapter/ApiV2SDK/vendor/phpseclib/phpseclib/phpseclib/Crypt/DH/PrivateKey.php
bf244e3a321ca4b5ff3a7fd6124d890f;lib/Adapter/ApiV2SDK/vendor/phpseclib/phpseclib/phpseclib/Crypt/DH/Parameters.php
a65e06350f5c66ead4851267d6fe8691;lib/Adapter/ApiV2SDK/vendor/phpseclib/phpseclib/phpseclib/Crypt/DH/Formats/Keys/PKCS1.php
12a48b96e750b66afe21069c59d3d213;lib/Adapter/ApiV2SDK/vendor/phpseclib/phpseclib/phpseclib/Crypt/DH/Formats/Keys/PKCS8.php
7bedfb322a8115d0c9c05081e5eb5498;lib/Adapter/ApiV2SDK/vendor/phpseclib/phpseclib/phpseclib/Crypt/Common/SymmetricKey.php
13e51444d2a368f6f325cd1bc9daa75c;lib/Adapter/ApiV2SDK/vendor/phpseclib/phpseclib/phpseclib/Crypt/Common/Traits/PasswordProtected.php
448c1f9a32d7d769cc24abf4b906888f;lib/Adapter/ApiV2SDK/vendor/phpseclib/phpseclib/phpseclib/Crypt/Common/Traits/Fingerprint.php
7db6696b3e00a9b0c5711fe622b982df;lib/Adapter/ApiV2SDK/vendor/phpseclib/phpseclib/phpseclib/Crypt/Common/AsymmetricKey.php
301b24dfd72df8379dd582021aef82c7;lib/Adapter/ApiV2SDK/vendor/phpseclib/phpseclib/phpseclib/Crypt/Common/StreamCipher.php
be5ec9615271e674d660a46dab540f31;lib/Adapter/ApiV2SDK/vendor/phpseclib/phpseclib/phpseclib/Crypt/Common/PublicKey.php
8e36169ff0be06f0fde8dcdaec6631ec;lib/Adapter/ApiV2SDK/vendor/phpseclib/phpseclib/phpseclib/Crypt/Common/PrivateKey.php
0ce1b5e4f8296fd1de88185604288aee;lib/Adapter/ApiV2SDK/vendor/phpseclib/phpseclib/phpseclib/Crypt/Common/BlockCipher.php
d33a575b78269a7b8ef4049c1fe419b4;lib/Adapter/ApiV2SDK/vendor/phpseclib/phpseclib/phpseclib/Crypt/Common/Formats/Keys/PuTTY.php
e2a29c354145d8d4a02f7fd90a9a51ec;lib/Adapter/ApiV2SDK/vendor/phpseclib/phpseclib/phpseclib/Crypt/Common/Formats/Keys/PKCS.php
fec521301d5d0c69fc1e507c13443437;lib/Adapter/ApiV2SDK/vendor/phpseclib/phpseclib/phpseclib/Crypt/Common/Formats/Keys/PKCS1.php
10c1c16299d11fd8c1bb69654638f871;lib/Adapter/ApiV2SDK/vendor/phpseclib/phpseclib/phpseclib/Crypt/Common/Formats/Keys/PKCS8.php
0a65bb5a529c118574f062af58c8daf0;lib/Adapter/ApiV2SDK/vendor/phpseclib/phpseclib/phpseclib/Crypt/Common/Formats/Keys/OpenSSH.php
108feeeeb660685a14dbee68506d9ee6;lib/Adapter/ApiV2SDK/vendor/phpseclib/phpseclib/phpseclib/Crypt/Common/Formats/Keys/JWK.php
e601fb0017a6d42e26dc3e79e3c61890;lib/Adapter/ApiV2SDK/vendor/phpseclib/phpseclib/phpseclib/Crypt/Common/Formats/Signature/Raw.php
5194f725a2d76a7c5640c2be2ac80644;lib/Adapter/ApiV2SDK/vendor/phpseclib/phpseclib/phpseclib/Crypt/TripleDES.php
a8f255a935d49125b9b5fd2203acadef;lib/Adapter/ApiV2SDK/vendor/phpseclib/phpseclib/phpseclib/Crypt/ChaCha20.php
e4fc93bb39eccef0b46f706e7db14739;lib/Adapter/ApiV2SDK/vendor/phpseclib/phpseclib/phpseclib/Crypt/Twofish.php
6cc6cdf09661eee170735b24ccef0d70;lib/Adapter/ApiV2SDK/vendor/phpseclib/phpseclib/phpseclib/Crypt/RSA.php
d3963f0dfa9b13cdbee1acc6858b0285;lib/Adapter/ApiV2SDK/vendor/phpseclib/phpseclib/phpseclib/Crypt/DH.php
25d21f0d274497b78dca5a009e82ee5f;lib/Adapter/ApiV2SDK/vendor/phpseclib/phpseclib/phpseclib/Crypt/RSA/PublicKey.php
c13d3cd676d50ee6ffe63365d9afbd40;lib/Adapter/ApiV2SDK/vendor/phpseclib/phpseclib/phpseclib/Crypt/RSA/PrivateKey.php
d1dfdcf9eeb88c6b336af57991279cf0;lib/Adapter/ApiV2SDK/vendor/phpseclib/phpseclib/phpseclib/Crypt/RSA/Formats/Keys/PuTTY.php
6351a98fe38052728478f2cffa9db5e5;lib/Adapter/ApiV2SDK/vendor/phpseclib/phpseclib/phpseclib/Crypt/RSA/Formats/Keys/PKCS1.php
5daec7cb384d330b1f95d60ea1b8ca5f;lib/Adapter/ApiV2SDK/vendor/phpseclib/phpseclib/phpseclib/Crypt/RSA/Formats/Keys/PKCS8.php
a700431574b1e49e9d87bcc3c7c3f995;lib/Adapter/ApiV2SDK/vendor/phpseclib/phpseclib/phpseclib/Crypt/RSA/Formats/Keys/OpenSSH.php
fb608bf437f2f25b8a1ebedad5d1db8d;lib/Adapter/ApiV2SDK/vendor/phpseclib/phpseclib/phpseclib/Crypt/RSA/Formats/Keys/PSS.php
ca76b925604ba4f1253b5b0ed1922981;lib/Adapter/ApiV2SDK/vendor/phpseclib/phpseclib/phpseclib/Crypt/RSA/Formats/Keys/JWK.php
41443fb4f5ea4bc20d331c5473619e45;lib/Adapter/ApiV2SDK/vendor/phpseclib/phpseclib/phpseclib/Crypt/RSA/Formats/Keys/Raw.php
feb14ff42e3bdd10e562cb758df8ed5d;lib/Adapter/ApiV2SDK/vendor/phpseclib/phpseclib/phpseclib/Crypt/RSA/Formats/Keys/XML.php
a1de1d9b6003052b0874996e9777f8b4;lib/Adapter/ApiV2SDK/vendor/phpseclib/phpseclib/phpseclib/Crypt/RSA/Formats/Keys/MSBLOB.php
3fdd8c95b7cffb0e9985d338090b2ba0;lib/Adapter/ApiV2SDK/vendor/phpseclib/phpseclib/phpseclib/Crypt/AES.php
042e8e610407b41b8a04e2872dedccbb;lib/Adapter/ApiV2SDK/vendor/phpseclib/phpseclib/phpseclib/Math/BinaryField/Integer.php
d08d331b44f024b35027d948f660fc5c;lib/Adapter/ApiV2SDK/vendor/phpseclib/phpseclib/phpseclib/Math/BigInteger.php
341e8c48aa21fd0595325e36d280b026;lib/Adapter/ApiV2SDK/vendor/phpseclib/phpseclib/phpseclib/Math/BigInteger/Engines/GMP/DefaultEngine.php
d47eb0d3141be93cd6922acb835490cd;lib/Adapter/ApiV2SDK/vendor/phpseclib/phpseclib/phpseclib/Math/BigInteger/Engines/PHP/Base.php
767cf0757238eaeb02752a08d5a1cb5d;lib/Adapter/ApiV2SDK/vendor/phpseclib/phpseclib/phpseclib/Math/BigInteger/Engines/PHP/Reductions/PowerOfTwo.php
8bf4c5b4cec564a6cf286cbf4bb230da;lib/Adapter/ApiV2SDK/vendor/phpseclib/phpseclib/phpseclib/Math/BigInteger/Engines/PHP/Reductions/EvalBarrett.php
d8f32f01017420777ca33c5ab42d198d;lib/Adapter/ApiV2SDK/vendor/phpseclib/phpseclib/phpseclib/Math/BigInteger/Engines/PHP/Reductions/Classic.php
3b424c43f0e14d4b955bf9f0a6ad0925;lib/Adapter/ApiV2SDK/vendor/phpseclib/phpseclib/phpseclib/Math/BigInteger/Engines/PHP/Reductions/Montgomery.php
0165b2f1b85109d06cdd7a1c197d202e;lib/Adapter/ApiV2SDK/vendor/phpseclib/phpseclib/phpseclib/Math/BigInteger/Engines/PHP/Reductions/MontgomeryMult.php
0f547d243d8db2809746b8ae38469785;lib/Adapter/ApiV2SDK/vendor/phpseclib/phpseclib/phpseclib/Math/BigInteger/Engines/PHP/Reductions/Barrett.php
494a5e2707ba8f688f4b566f9a24cbd7;lib/Adapter/ApiV2SDK/vendor/phpseclib/phpseclib/phpseclib/Math/BigInteger/Engines/PHP/OpenSSL.php
b0bdb15defb90d6831c4fe93304b77f2;lib/Adapter/ApiV2SDK/vendor/phpseclib/phpseclib/phpseclib/Math/BigInteger/Engines/PHP/DefaultEngine.php
4cbcdafb51c872cba4056acc5f6eac8b;lib/Adapter/ApiV2SDK/vendor/phpseclib/phpseclib/phpseclib/Math/BigInteger/Engines/PHP/Montgomery.php
cbd9ba4467f0da947945995a321edd21;lib/Adapter/ApiV2SDK/vendor/phpseclib/phpseclib/phpseclib/Math/BigInteger/Engines/OpenSSL.php
9740e434364646d0ae8d98cbbfb8f1d2;lib/Adapter/ApiV2SDK/vendor/phpseclib/phpseclib/phpseclib/Math/BigInteger/Engines/GMP.php
d2b1360c01f9b97313ef3ff03888360f;lib/Adapter/ApiV2SDK/vendor/phpseclib/phpseclib/phpseclib/Math/BigInteger/Engines/PHP.php
2f17961fdea00f27d3799802fb92b3a4;lib/Adapter/ApiV2SDK/vendor/phpseclib/phpseclib/phpseclib/Math/BigInteger/Engines/BCMath.php
f5f86ff2e43f4eca035a53f37d4e662f;lib/Adapter/ApiV2SDK/vendor/phpseclib/phpseclib/phpseclib/Math/BigInteger/Engines/PHP64.php
52f4e1a7f702d91236505f212eac8e76;lib/Adapter/ApiV2SDK/vendor/phpseclib/phpseclib/phpseclib/Math/BigInteger/Engines/PHP32.php
5d71b22893fb33c49b293fb0990022db;lib/Adapter/ApiV2SDK/vendor/phpseclib/phpseclib/phpseclib/Math/BigInteger/Engines/BCMath/Base.php
e6a1e203eae24d6b8f9ecb3bbe5db192;lib/Adapter/ApiV2SDK/vendor/phpseclib/phpseclib/phpseclib/Math/BigInteger/Engines/BCMath/Reductions/EvalBarrett.php
0581c9e97d6c563dbfb69117c0077142;lib/Adapter/ApiV2SDK/vendor/phpseclib/phpseclib/phpseclib/Math/BigInteger/Engines/BCMath/Reductions/Barrett.php
ff90ba3a9f0c50437fb28123c299f54b;lib/Adapter/ApiV2SDK/vendor/phpseclib/phpseclib/phpseclib/Math/BigInteger/Engines/BCMath/OpenSSL.php
015ff4bbf9f1f1a7ff93ce629d26e526;lib/Adapter/ApiV2SDK/vendor/phpseclib/phpseclib/phpseclib/Math/BigInteger/Engines/BCMath/DefaultEngine.php
350d57aea9bab7a2dccfb00cd64b92d9;lib/Adapter/ApiV2SDK/vendor/phpseclib/phpseclib/phpseclib/Math/BigInteger/Engines/BCMath/BuiltIn.php
7c11d3f6b66d7c86e4d47c0ea78b9adc;lib/Adapter/ApiV2SDK/vendor/phpseclib/phpseclib/phpseclib/Math/BigInteger/Engines/Engine.php
36512abd6cdfe352f637cb76498735b8;lib/Adapter/ApiV2SDK/vendor/phpseclib/phpseclib/phpseclib/Math/PrimeField.php
8e0f3772662114a3962313d5db474e6e;lib/Adapter/ApiV2SDK/vendor/phpseclib/phpseclib/phpseclib/Math/Common/FiniteField.php
1fb9bc73e302ba9f215d86d67b3b5d73;lib/Adapter/ApiV2SDK/vendor/phpseclib/phpseclib/phpseclib/Math/Common/FiniteField/Integer.php
6c640697ff0650ab004fca416bfd3545;lib/Adapter/ApiV2SDK/vendor/phpseclib/phpseclib/phpseclib/Math/PrimeField/Integer.php
77cb369b499fd2f40faee26cf780c9c7;lib/Adapter/ApiV2SDK/vendor/phpseclib/phpseclib/phpseclib/Math/BinaryField.php
f698d5b96b131c34a1179cad99321799;lib/Adapter/ApiV2SDK/vendor/phpseclib/phpseclib/phpseclib/Common/Functions/Strings.php
3c667b885886bf1f2e885be74fbeb8d2;lib/Adapter/ApiV2SDK/vendor/phpseclib/phpseclib/phpseclib/Net/SFTP/Stream.php
4e2f41f9b900fdee4061c608542bc979;lib/Adapter/ApiV2SDK/vendor/phpseclib/phpseclib/phpseclib/Net/SSH2.php
7a4845304ec719e6e777f9433303cdc9;lib/Adapter/ApiV2SDK/vendor/phpseclib/phpseclib/phpseclib/Net/SFTP.php
fa4bab04703bfcb560be4489526b0991;lib/Adapter/ApiV2SDK/vendor/phpseclib/phpseclib/phpseclib/bootstrap.php
fb3bcd58ba318d74117a7c3e05edc63b;lib/Adapter/ApiV2SDK/vendor/phpseclib/phpseclib/phpseclib/Exception/ConnectionClosedException.php
908d914dd59d848f51b6ef1277e1257b;lib/Adapter/ApiV2SDK/vendor/phpseclib/phpseclib/phpseclib/Exception/NoKeyLoadedException.php
cf8e7671e5079a6774c35202ae5ff4b4;lib/Adapter/ApiV2SDK/vendor/phpseclib/phpseclib/phpseclib/Exception/UnableToConnectException.php
0b7d8e736a24ddedf5ed00d3484c8975;lib/Adapter/ApiV2SDK/vendor/phpseclib/phpseclib/phpseclib/Exception/UnsupportedOperationException.php
09f09eda418a4efb796417e66febbb7d;lib/Adapter/ApiV2SDK/vendor/phpseclib/phpseclib/phpseclib/Exception/BadDecryptionException.php
e1e2e5e0b7e8cc03abe3ff1acabd24a3;lib/Adapter/ApiV2SDK/vendor/phpseclib/phpseclib/phpseclib/Exception/UnsupportedCurveException.php
6601a8131d3fa88b4f1ecf2ae6f9a08b;lib/Adapter/ApiV2SDK/vendor/phpseclib/phpseclib/phpseclib/Exception/InsufficientSetupException.php
272755d560cdec9f3b967cebe533b36d;lib/Adapter/ApiV2SDK/vendor/phpseclib/phpseclib/phpseclib/Exception/UnsupportedFormatException.php
f4c5e01e7cb2909f26413f789ed81397;lib/Adapter/ApiV2SDK/vendor/phpseclib/phpseclib/phpseclib/Exception/UnsupportedAlgorithmException.php
2e59658ef3494ba5e506d615e3ae2cf3;lib/Adapter/ApiV2SDK/vendor/phpseclib/phpseclib/phpseclib/Exception/BadModeException.php
87189e47473849d93fabe1d4fd321afb;lib/Adapter/ApiV2SDK/vendor/phpseclib/phpseclib/phpseclib/Exception/BadConfigurationException.php
16fede9bcb481f3672ebd0f589e3b1d5;lib/Adapter/ApiV2SDK/vendor/phpseclib/phpseclib/phpseclib/Exception/InconsistentSetupException.php
49c6c1bac9cae29501299c78431adc3f;lib/Adapter/ApiV2SDK/vendor/phpseclib/phpseclib/phpseclib/Exception/NoSupportedAlgorithmsException.php
c794ec901f93e22fafcca89bba0af9fa;lib/Adapter/ApiV2SDK/vendor/phpseclib/phpseclib/phpseclib/Exception/FileNotFoundException.php
b4409823562c617107907cd04d67c8fa;lib/Adapter/ApiV2SDK/vendor/phpseclib/phpseclib/phpseclib/openssl.cnf
0ffc2c13eb015018e82b3ff66a05ab0a;lib/Adapter/ApiV2SDK/vendor/phpseclib/phpseclib/phpseclib/File/ASN1/Element.php
0b3110ccfe3d413412e7351686f17928;lib/Adapter/ApiV2SDK/vendor/phpseclib/phpseclib/phpseclib/File/ASN1/Maps/PBKDF2params.php
0f209f3cef3d78eeaf52710d2cf3c01f;lib/Adapter/ApiV2SDK/vendor/phpseclib/phpseclib/phpseclib/File/ASN1/Maps/ExtensionAttribute.php
2524176ed4c7b37f5ed00fc88d3d6cd1;lib/Adapter/ApiV2SDK/vendor/phpseclib/phpseclib/phpseclib/File/ASN1/Maps/AttributeValue.php
aebe0974a2406e1b341b13c8f251fcfb;lib/Adapter/ApiV2SDK/vendor/phpseclib/phpseclib/phpseclib/File/ASN1/Maps/InvalidityDate.php
018bd58600c2545f967ada149fdc68ca;lib/Adapter/ApiV2SDK/vendor/phpseclib/phpseclib/phpseclib/File/ASN1/Maps/PolicyMappings.php
06f9406651d642326f5d1f3e0861bb9b;lib/Adapter/ApiV2SDK/vendor/phpseclib/phpseclib/phpseclib/File/ASN1/Maps/PostalAddress.php
486073be0641fabe2390132cd916ab6c;lib/Adapter/ApiV2SDK/vendor/phpseclib/phpseclib/phpseclib/File/ASN1/Maps/RSAPublicKey.php
13d1f23144be3bc417b9bd3be4fc2e49;lib/Adapter/ApiV2SDK/vendor/phpseclib/phpseclib/phpseclib/File/ASN1/Maps/PublicKeyAndChallenge.php
c5636595684c29859197d89c2f8acd38;lib/Adapter/ApiV2SDK/vendor/phpseclib/phpseclib/phpseclib/File/ASN1/Maps/PrivateKeyUsagePeriod.php
59d50d2dbc9b7c167e5d5b0aa4ebb1d8;lib/Adapter/ApiV2SDK/vendor/phpseclib/phpseclib/phpseclib/File/ASN1/Maps/PBMAC1params.php
a9b6181694e7da3dd5a178f41139bca9;lib/Adapter/ApiV2SDK/vendor/phpseclib/phpseclib/phpseclib/File/ASN1/Maps/KeyUsage.php
fb74c697dcd01e62cd59d408d99d88b5;lib/Adapter/ApiV2SDK/vendor/phpseclib/phpseclib/phpseclib/File/ASN1/Maps/PersonalName.php
dfa8b2acb19fddcf861319dce103ae43;lib/Adapter/ApiV2SDK/vendor/phpseclib/phpseclib/phpseclib/File/ASN1/Maps/netscape_ca_policy_url.php
8c6967130b0428d84e982a3e6b99b332;lib/Adapter/ApiV2SDK/vendor/phpseclib/phpseclib/phpseclib/File/ASN1/Maps/Certificate.php
8d70f23f39f2f3490cef398b643e5179;lib/Adapter/ApiV2SDK/vendor/phpseclib/phpseclib/phpseclib/File/ASN1/Maps/FieldElement.php
4cc35583e03f4228111c0677ec85cb9d;lib/Adapter/ApiV2SDK/vendor/phpseclib/phpseclib/phpseclib/File/ASN1/Maps/CPSuri.php
7a9daece61f228b192fa32ce3b9c635d;lib/Adapter/ApiV2SDK/vendor/phpseclib/phpseclib/phpseclib/File/ASN1/Maps/PolicyQualifierId.php
6130b35112bbbfea8f893a44a9deacc5;lib/Adapter/ApiV2SDK/vendor/phpseclib/phpseclib/phpseclib/File/ASN1/Maps/MaskGenAlgorithm.php
df2143e35916b93dc55e50c87dac814c;lib/Adapter/ApiV2SDK/vendor/phpseclib/phpseclib/phpseclib/File/ASN1/Maps/BuiltInStandardAttributes.php
4c2316cd41eb4ffab5ed7143cc80d29a;lib/Adapter/ApiV2SDK/vendor/phpseclib/phpseclib/phpseclib/File/ASN1/Maps/OrganizationalUnitNames.php
0b3866b3e071f81f9e73dffe955374d1;lib/Adapter/ApiV2SDK/vendor/phpseclib/phpseclib/phpseclib/File/ASN1/Maps/AccessDescription.php
6334885e2dddd36c0a9742602de292cd;lib/Adapter/ApiV2SDK/vendor/phpseclib/phpseclib/phpseclib/File/ASN1/Maps/PolicyQualifierInfo.php
f81cf8651a34662be8f91fe1e819d564;lib/Adapter/ApiV2SDK/vendor/phpseclib/phpseclib/phpseclib/File/ASN1/Maps/CertificateIssuer.php
b720f10d223e2897692823f96ada6cfe;lib/Adapter/ApiV2SDK/vendor/phpseclib/phpseclib/phpseclib/File/ASN1/Maps/Name.php
34056973bd648a244aaede99be4a1781;lib/Adapter/ApiV2SDK/vendor/phpseclib/phpseclib/phpseclib/File/ASN1/Maps/CRLReason.php
e124e64fcfc3edd8b9d48630d5c1e6b4;lib/Adapter/ApiV2SDK/vendor/phpseclib/phpseclib/phpseclib/File/ASN1/Maps/netscape_cert_type.php
1d88fbf48a13d2772c0ed794c5d70901;lib/Adapter/ApiV2SDK/vendor/phpseclib/phpseclib/phpseclib/File/ASN1/Maps/RC2CBCParameter.php
166dfc573923b7344b378c9206e740e3;lib/Adapter/ApiV2SDK/vendor/phpseclib/phpseclib/phpseclib/File/ASN1/Maps/EncryptedPrivateKeyInfo.php
cc705ea2116dddcccd59c0fd592a00f3;lib/Adapter/ApiV2SDK/vendor/phpseclib/phpseclib/phpseclib/File/ASN1/Maps/Pentanomial.php
0f5d06805a5251427323605150a3e36b;lib/Adapter/ApiV2SDK/vendor/phpseclib/phpseclib/phpseclib/File/ASN1/Maps/AttributeType.php
1b2257efda1e3fc29522aeafa12b29f6;lib/Adapter/ApiV2SDK/vendor/phpseclib/phpseclib/phpseclib/File/ASN1/Maps/Prime_p.php
24e0d5620d3fdf876a1c9653b9d74229;lib/Adapter/ApiV2SDK/vendor/phpseclib/phpseclib/phpseclib/File/ASN1/Maps/CertificationRequestInfo.php
1a5677476394cdef8d890ad22be77e3d;lib/Adapter/ApiV2SDK/vendor/phpseclib/phpseclib/phpseclib/File/ASN1/Maps/UniqueIdentifier.php
20983528c5bcb7605e57f9ffa2c612e1;lib/Adapter/ApiV2SDK/vendor/phpseclib/phpseclib/phpseclib/File/ASN1/Maps/HoldInstructionCode.php
aaa623fe6adda5c9a1152c6c1f30f366;lib/Adapter/ApiV2SDK/vendor/phpseclib/phpseclib/phpseclib/File/ASN1/Maps/NameConstraints.php
3f17f1fe26b4f61cad378f1ac928da0e;lib/Adapter/ApiV2SDK/vendor/phpseclib/phpseclib/phpseclib/File/ASN1/Maps/CertificateList.php
6b00dddf399d8f4548984a5f17dbed1c;lib/Adapter/ApiV2SDK/vendor/phpseclib/phpseclib/phpseclib/File/ASN1/Maps/PublicKeyInfo.php
a730a5f5efcaaaa52bc19d2419112a15;lib/Adapter/ApiV2SDK/vendor/phpseclib/phpseclib/phpseclib/File/ASN1/Maps/ECPoint.php
4e6b480609b060c84575c3370be444e2;lib/Adapter/ApiV2SDK/vendor/phpseclib/phpseclib/phpseclib/File/ASN1/Maps/Extension.php
0fc7102dc15ea0c19227c02fdf000d64;lib/Adapter/ApiV2SDK/vendor/phpseclib/phpseclib/phpseclib/File/ASN1/Maps/OrganizationName.php
580587eda7fe2f41047238949bc6e05f;lib/Adapter/ApiV2SDK/vendor/phpseclib/phpseclib/phpseclib/File/ASN1/Maps/GeneralSubtrees.php
f1560db645e1404815c8ac3ced9e06ae;lib/Adapter/ApiV2SDK/vendor/phpseclib/phpseclib/phpseclib/File/ASN1/Maps/EncryptedData.php
2b320233cd91cc500f36a721dfba572b;lib/Adapter/ApiV2SDK/vendor/phpseclib/phpseclib/phpseclib/File/ASN1/Maps/RevokedCertificate.php
d5b73495787cb21456000f0ef716be5f;lib/Adapter/ApiV2SDK/vendor/phpseclib/phpseclib/phpseclib/File/ASN1/Maps/HashAlgorithm.php
6e0073677464bdba73e44979e5ca2bfd;lib/Adapter/ApiV2SDK/vendor/phpseclib/phpseclib/phpseclib/File/ASN1/Maps/netscape_comment.php
8b5f3e6094ad69bcf27e3283e7162ebf;lib/Adapter/ApiV2SDK/vendor/phpseclib/phpseclib/phpseclib/File/ASN1/Maps/DistributionPoint.php
552d4c5f4d8ea3e84bf791c24a406821;lib/Adapter/ApiV2SDK/vendor/phpseclib/phpseclib/phpseclib/File/ASN1/Maps/RelativeDistinguishedName.php
79ee6ecd46fdb72f77b3cc1e0d8fdfdc;lib/Adapter/ApiV2SDK/vendor/phpseclib/phpseclib/phpseclib/File/ASN1/Maps/IssuingDistributionPoint.php
01f2574bc5b71ca1e18f45ab25c557db;lib/Adapter/ApiV2SDK/vendor/phpseclib/phpseclib/phpseclib/File/ASN1/Maps/Attributes.php
da1993023e9ced50784a9728d13cc137;lib/Adapter/ApiV2SDK/vendor/phpseclib/phpseclib/phpseclib/File/ASN1/Maps/AdministrationDomainName.php
038dbedb444218ebd27ba3a1dab22741;lib/Adapter/ApiV2SDK/vendor/phpseclib/phpseclib/phpseclib/File/ASN1/Maps/BasicConstraints.php
d5015f0e51482fbc08b01281b1ed8b67;lib/Adapter/ApiV2SDK/vendor/phpseclib/phpseclib/phpseclib/File/ASN1/Maps/NetworkAddress.php
544271d1b29585b3cb2c66e113f2b525;lib/Adapter/ApiV2SDK/vendor/phpseclib/phpseclib/phpseclib/File/ASN1/Maps/PBES2params.php
7397a698de460e96dba26b0c7d6432e8;lib/Adapter/ApiV2SDK/vendor/phpseclib/phpseclib/phpseclib/File/ASN1/Maps/EcdsaSigValue.php
32c6794acb00cc37b07253db2fb0d4db;lib/Adapter/ApiV2SDK/vendor/phpseclib/phpseclib/phpseclib/File/ASN1/Maps/SubjectDirectoryAttributes.php
092b154b77c1e9b80406d6599eac8424;lib/Adapter/ApiV2SDK/vendor/phpseclib/phpseclib/phpseclib/File/ASN1/Maps/TBSCertificate.php
3f7317e790640697bfb4bf94a90ab5af;lib/Adapter/ApiV2SDK/vendor/phpseclib/phpseclib/phpseclib/File/ASN1/Maps/ORAddress.php
0ed7e0943935fc1805bbd938490a390a;lib/Adapter/ApiV2SDK/vendor/phpseclib/phpseclib/phpseclib/File/ASN1/Maps/OtherPrimeInfo.php
d8e31637cf477a1a8af71a6cc5f30ec6;lib/Adapter/ApiV2SDK/vendor/phpseclib/phpseclib/phpseclib/File/ASN1/Maps/NoticeReference.php
4e480bb631091cb13c645d1e39c52a6b;lib/Adapter/ApiV2SDK/vendor/phpseclib/phpseclib/phpseclib/File/ASN1/Maps/Attribute.php
7f94cc64bfdb5afbdd863bf6dc13f9c9;lib/Adapter/ApiV2SDK/vendor/phpseclib/phpseclib/phpseclib/File/ASN1/Maps/AnotherName.php
06bcd53b348630f61cf655eb74f0543f;lib/Adapter/ApiV2SDK/vendor/phpseclib/phpseclib/phpseclib/File/ASN1/Maps/AuthorityKeyIdentifier.php
598276c649c38285f6e33c1fcf1d7ffe;lib/Adapter/ApiV2SDK/vendor/phpseclib/phpseclib/phpseclib/File/ASN1/Maps/PolicyInformation.php
bb997d92c99354c6b0996f7c8d9a7950;lib/Adapter/ApiV2SDK/vendor/phpseclib/phpseclib/phpseclib/File/ASN1/Maps/Trinomial.php
14b78d9e273bfc39385afb65e9355f4b;lib/Adapter/ApiV2SDK/vendor/phpseclib/phpseclib/phpseclib/File/ASN1/Maps/PublicKey.php
8da951d3513cc52569a85884e7b958b8;lib/Adapter/ApiV2SDK/vendor/phpseclib/phpseclib/phpseclib/File/ASN1/Maps/Validity.php
f2c29db9a81dd9fbefde1aa21d36c531;lib/Adapter/ApiV2SDK/vendor/phpseclib/phpseclib/phpseclib/File/ASN1/Maps/DistributionPointName.php
f148409b7c74951de6c4dfe31c6bae1a;lib/Adapter/ApiV2SDK/vendor/phpseclib/phpseclib/phpseclib/File/ASN1/Maps/DSAParams.php
8f1fcde461fc26c01de460e0d92d2daa;lib/Adapter/ApiV2SDK/vendor/phpseclib/phpseclib/phpseclib/File/ASN1/Maps/CertificateSerialNumber.php
730d71ae48811a00a6aa4028e72a924f;lib/Adapter/ApiV2SDK/vendor/phpseclib/phpseclib/phpseclib/File/ASN1/Maps/SpecifiedECDomain.php
b2accf0fead91437af70dfed36b84b37;lib/Adapter/ApiV2SDK/vendor/phpseclib/phpseclib/phpseclib/File/ASN1/Maps/ExtKeyUsageSyntax.php
ec3048ba05f543672fe10499b5a978d0;lib/Adapter/ApiV2SDK/vendor/phpseclib/phpseclib/phpseclib/File/ASN1/Maps/ECPrivateKey.php
41807fce28350e6833cc70544a347998;lib/Adapter/ApiV2SDK/vendor/phpseclib/phpseclib/phpseclib/File/ASN1/Maps/CertificatePolicies.php
df39e6a018bc274ecc09f25b31d97446;lib/Adapter/ApiV2SDK/vendor/phpseclib/phpseclib/phpseclib/File/ASN1/Maps/BaseDistance.php
b66027e585838293eb34d1528d6cc719;lib/Adapter/ApiV2SDK/vendor/phpseclib/phpseclib/phpseclib/File/ASN1/Maps/CountryName.php
dd94a9bd457caa1a7c414a299d8ca58d;lib/Adapter/ApiV2SDK/vendor/phpseclib/phpseclib/phpseclib/File/ASN1/Maps/ReasonFlags.php
46575fba05d601c423b578a885576f7d;lib/Adapter/ApiV2SDK/vendor/phpseclib/phpseclib/phpseclib/File/ASN1/Maps/RSAPrivateKey.php
d1bd2cced01e6b7e7ca3792657f2e3de;lib/Adapter/ApiV2SDK/vendor/phpseclib/phpseclib/phpseclib/File/ASN1/Maps/PrivateDomainName.php
12a592410efd7d2e4a2f25ee85bac965;lib/Adapter/ApiV2SDK/vendor/phpseclib/phpseclib/phpseclib/File/ASN1/Maps/AuthorityInfoAccessSyntax.php
c3465d3d54648ccbac2941c6cf30a5e7;lib/Adapter/ApiV2SDK/vendor/phpseclib/phpseclib/phpseclib/File/ASN1/Maps/ExtensionAttributes.php
d155ea666da601f140d6f934328441a7;lib/Adapter/ApiV2SDK/vendor/phpseclib/phpseclib/phpseclib/File/ASN1/Maps/IssuerAltName.php
c2add47fcbb7bb81dd904917b9bc2db5;lib/Adapter/ApiV2SDK/vendor/phpseclib/phpseclib/phpseclib/File/ASN1/Maps/PrivateKey.php
737b8e5362304d99643089716e087e20;lib/Adapter/ApiV2SDK/vendor/phpseclib/phpseclib/phpseclib/File/ASN1/Maps/DSAPrivateKey.php
14d23be22014a34690cd7b677fea089e;lib/Adapter/ApiV2SDK/vendor/phpseclib/phpseclib/phpseclib/File/ASN1/Maps/NumericUserIdentifier.php
44a23b7563e4ba1f17fa76350ba27752;lib/Adapter/ApiV2SDK/vendor/phpseclib/phpseclib/phpseclib/File/ASN1/Maps/GeneralNames.php
ff28b293ab3622864bca7d7fae32adc5;lib/Adapter/ApiV2SDK/vendor/phpseclib/phpseclib/phpseclib/File/ASN1/Maps/Extensions.php
61ca45ae815d87f452d548984999919f;lib/Adapter/ApiV2SDK/vendor/phpseclib/phpseclib/phpseclib/File/ASN1/Maps/OneAsymmetricKey.php
69b263152ed30995659f98a6b203dbaf;lib/Adapter/ApiV2SDK/vendor/phpseclib/phpseclib/phpseclib/File/ASN1/Maps/CRLNumber.php
fbfef4de6fa2670fff8b558d854012ff;lib/Adapter/ApiV2SDK/vendor/phpseclib/phpseclib/phpseclib/File/ASN1/Maps/CertificationRequest.php
3c181aba31ab92fa2c3194bb706087fd;lib/Adapter/ApiV2SDK/vendor/phpseclib/phpseclib/phpseclib/File/ASN1/Maps/DHParameter.php
054e04b127f11b286405a83a65ec5dca;lib/Adapter/ApiV2SDK/vendor/phpseclib/phpseclib/phpseclib/File/ASN1/Maps/Curve.php
9e74bec23c36f42a5405b8f062478e21;lib/Adapter/ApiV2SDK/vendor/phpseclib/phpseclib/phpseclib/File/ASN1/Maps/BuiltInDomainDefinedAttribute.php
a28dc0738bfab3aaec4dedbca8eb7f60;lib/Adapter/ApiV2SDK/vendor/phpseclib/phpseclib/phpseclib/File/ASN1/Maps/TBSCertList.php
94ee316d5529f2806ea3c6fc4fff7008;lib/Adapter/ApiV2SDK/vendor/phpseclib/phpseclib/phpseclib/File/ASN1/Maps/OtherPrimeInfos.php
3a497e1c34ed7a69f1b7bc87f6c3b61a;lib/Adapter/ApiV2SDK/vendor/phpseclib/phpseclib/phpseclib/File/ASN1/Maps/CRLDistributionPoints.php
c17c93631098968e8546448d5dcd285e;lib/Adapter/ApiV2SDK/vendor/phpseclib/phpseclib/phpseclib/File/ASN1/Maps/PrivateKeyInfo.php
f6750ac4c79a8d1ef3b6c7df5a4e31b9;lib/Adapter/ApiV2SDK/vendor/phpseclib/phpseclib/phpseclib/File/ASN1/Maps/PKCS9String.php
0db88bcd574c715daac30f4cb028f6d2;lib/Adapter/ApiV2SDK/vendor/phpseclib/phpseclib/phpseclib/File/ASN1/Maps/DigestInfo.php
b92efe0ec5205532068e18570da2e538;lib/Adapter/ApiV2SDK/vendor/phpseclib/phpseclib/phpseclib/File/ASN1/Maps/SubjectAltName.php
325d537e0f46ce4e95f44c23f4df51bb;lib/Adapter/ApiV2SDK/vendor/phpseclib/phpseclib/phpseclib/File/ASN1/Maps/UserNotice.php
4f0962ccb6098cd124649ef8626ea594;lib/Adapter/ApiV2SDK/vendor/phpseclib/phpseclib/phpseclib/File/ASN1/Maps/SubjectPublicKeyInfo.php
79f7a32bc575189a7598d6bc06e2da27;lib/Adapter/ApiV2SDK/vendor/phpseclib/phpseclib/phpseclib/File/ASN1/Maps/DSAPublicKey.php
17151c82540d68f113d0d902920dd97f;lib/Adapter/ApiV2SDK/vendor/phpseclib/phpseclib/phpseclib/File/ASN1/Maps/KeyIdentifier.php
55c95352c8fb4886fa3ed65c9ec6a7d8;lib/Adapter/ApiV2SDK/vendor/phpseclib/phpseclib/phpseclib/File/ASN1/Maps/EDIPartyName.php
4eb03a107377e96cc1c6a8bdae1a0306;lib/Adapter/ApiV2SDK/vendor/phpseclib/phpseclib/phpseclib/File/ASN1/Maps/GeneralName.php
eaa517251d762963358c55bda2d9a53e;lib/Adapter/ApiV2SDK/vendor/phpseclib/phpseclib/phpseclib/File/ASN1/Maps/DirectoryString.php
d22516b4a40ec9b784326b634deeb773;lib/Adapter/ApiV2SDK/vendor/phpseclib/phpseclib/phpseclib/File/ASN1/Maps/RSASSA_PSS_params.php
fe8a2c96df5e0cf225719a3a294d29e3;lib/Adapter/ApiV2SDK/vendor/phpseclib/phpseclib/phpseclib/File/ASN1/Maps/TerminalIdentifier.php
4b08ba3bf0ffbd1efb1d9ec848dc5760;lib/Adapter/ApiV2SDK/vendor/phpseclib/phpseclib/phpseclib/File/ASN1/Maps/PBEParameter.php
45394f96ae7ab7941e7e28ae0d1ea117;lib/Adapter/ApiV2SDK/vendor/phpseclib/phpseclib/phpseclib/File/ASN1/Maps/DssSigValue.php
f27a741f4b0202e968cbc5429cfd1d3b;lib/Adapter/ApiV2SDK/vendor/phpseclib/phpseclib/phpseclib/File/ASN1/Maps/DisplayText.php
50b17702d1d1fe9e6fa58dd08b8268c1;lib/Adapter/ApiV2SDK/vendor/phpseclib/phpseclib/phpseclib/File/ASN1/Maps/BuiltInDomainDefinedAttributes.php
bd8fbbf8091246fc42b0895be9f6d86d;lib/Adapter/ApiV2SDK/vendor/phpseclib/phpseclib/phpseclib/File/ASN1/Maps/FieldID.php
02a9fd91fbe9461af26579c24c54d751;lib/Adapter/ApiV2SDK/vendor/phpseclib/phpseclib/phpseclib/File/ASN1/Maps/ECParameters.php
3aebecbe97d0928a6b7c2d30a8e9a539;lib/Adapter/ApiV2SDK/vendor/phpseclib/phpseclib/phpseclib/File/ASN1/Maps/SubjectInfoAccessSyntax.php
973075b722cd406311a3846b74fbfece;lib/Adapter/ApiV2SDK/vendor/phpseclib/phpseclib/phpseclib/File/ASN1/Maps/AlgorithmIdentifier.php
e903157db0864e0e9d0eb218fe7cee40;lib/Adapter/ApiV2SDK/vendor/phpseclib/phpseclib/phpseclib/File/ASN1/Maps/Characteristic_two.php
51f04927004170da330d20d3c74e3437;lib/Adapter/ApiV2SDK/vendor/phpseclib/phpseclib/phpseclib/File/ASN1/Maps/CertPolicyId.php
27d714c9c4171bf0f0394702dc94324d;lib/Adapter/ApiV2SDK/vendor/phpseclib/phpseclib/phpseclib/File/ASN1/Maps/RDNSequence.php
46e70358c1bfa408b937f209e5d914a6;lib/Adapter/ApiV2SDK/vendor/phpseclib/phpseclib/phpseclib/File/ASN1/Maps/Time.php
db8966ae3fe9ce8daf71c85f93156430;lib/Adapter/ApiV2SDK/vendor/phpseclib/phpseclib/phpseclib/File/ASN1/Maps/GeneralSubtree.php
c3be8b7ac5b69d9aadf0f06d120614f1;lib/Adapter/ApiV2SDK/vendor/phpseclib/phpseclib/phpseclib/File/ASN1/Maps/SignedPublicKeyAndChallenge.php
d7e9e0859e14bb9dda574364d45297f2;lib/Adapter/ApiV2SDK/vendor/phpseclib/phpseclib/phpseclib/File/ASN1/Maps/KeyPurposeId.php
caa6b08aa97b7bc1f8c3355c8e0646f7;lib/Adapter/ApiV2SDK/vendor/phpseclib/phpseclib/phpseclib/File/ASN1/Maps/AttributeTypeAndValue.php
f845659b556819b37f17bbf70012425b;lib/Adapter/ApiV2SDK/vendor/phpseclib/phpseclib/phpseclib/File/ANSI.php
586b70a5815fd93a33f894c7d10855e8;lib/Adapter/ApiV2SDK/vendor/phpseclib/phpseclib/phpseclib/File/X509.php
36f9bb5f718de3ae54633d2d92c9a998;lib/Adapter/ApiV2SDK/vendor/phpseclib/phpseclib/phpseclib/File/ASN1.php
568d162b39181aa894ae2a97e02e6c01;lib/Adapter/ApiV2SDK/vendor/phpseclib/phpseclib/phpseclib/System/SSH/Agent.php
0c054287acdbdda2d6244fc5ade26b95;lib/Adapter/ApiV2SDK/vendor/phpseclib/phpseclib/phpseclib/System/SSH/Common/Traits/ReadBytes.php
e1254746afbfe51c54277a4a64f3a3f2;lib/Adapter/ApiV2SDK/vendor/phpseclib/phpseclib/phpseclib/System/SSH/Agent/Identity.php
af7368297e479652e6ef808a77702c02;lib/Adapter/ApiV2SDK/vendor/phpseclib/phpseclib/LICENSE
2f6b86dcec5962507d0a1df0bef0028d;lib/Adapter/ApiV2SDK/vendor/phpseclib/phpseclib/README.md
f20737445625ca4275a682f5371abdb3;lib/Adapter/ApiV2SDK/vendor/phpseclib/phpseclib/BACKERS.md
9b3f5ae0a6b50b8b2802428940133e55;lib/Adapter/ApiV2SDK/vendor/autoload.php
6717abacba3766cdfac06b71ff821b74;lib/Adapter/ApiV2SDK/vendor/composer/autoload_real.php
437077139db83c2e17003d0e9a2ff83c;lib/Adapter/ApiV2SDK/vendor/composer/autoload_static.php
35e12c7d76c4a81633bcf547c0e229a9;lib/Adapter/ApiV2SDK/vendor/composer/autoload_namespaces.php
d999373b7fead82519ffac3d7feefaa4;lib/Adapter/ApiV2SDK/vendor/composer/installed.json
d2e2eb0f203587e17a09403cf774ca15;lib/Adapter/ApiV2SDK/vendor/composer/autoload_files.php
dbddda53b2db36bb9021fa0a352b0975;lib/Adapter/ApiV2SDK/vendor/composer/autoload_psr4.php
a0899dd7d97c25fe1d872a542afa6081;lib/Adapter/ApiV2SDK/vendor/composer/ClassLoader.php
955d5fe58c231244f6b49000f383b5e2;lib/Adapter/ApiV2SDK/vendor/composer/LICENSE
8645d3a4e3ad87e7cf4d88a46717aab4;lib/Adapter/ApiV2SDK/vendor/composer/autoload_classmap.php
4a4217d44d1c65352bfc560442c97848;lib/Adapter/ApiV2SDK/vendor/paragonie/constant_time_encoding/composer.json
21ac31f231b881064918a6c62283890d;lib/Adapter/ApiV2SDK/vendor/paragonie/constant_time_encoding/src/Encoding.php
651f39147b7c4caaff5d863a506f97c1;lib/Adapter/ApiV2SDK/vendor/paragonie/constant_time_encoding/src/RFC4648.php
e61f8952e15e26765bd1f9ccada507d2;lib/Adapter/ApiV2SDK/vendor/paragonie/constant_time_encoding/src/Base64UrlSafe.php
204b8f234a2b5e219a229970ab000551;lib/Adapter/ApiV2SDK/vendor/paragonie/constant_time_encoding/src/Base64DotSlash.php
b60e098e49449cd584fcf9a9d758588a;lib/Adapter/ApiV2SDK/vendor/paragonie/constant_time_encoding/src/EncoderInterface.php
dc2c9d45e0d5c83548de6b5bd5551265;lib/Adapter/ApiV2SDK/vendor/paragonie/constant_time_encoding/src/Base32Hex.php
75373c1b87c6e35b087a0b30d94f8d6c;lib/Adapter/ApiV2SDK/vendor/paragonie/constant_time_encoding/src/Base32.php
1d932c91d7fb55ead570d494aeebca18;lib/Adapter/ApiV2SDK/vendor/paragonie/constant_time_encoding/src/Hex.php
a1b2639f5038f75a2dbbb0a3dcf30fee;lib/Adapter/ApiV2SDK/vendor/paragonie/constant_time_encoding/src/Base64DotSlashOrdered.php
1f34d9d718ce9377f4f4a2653efbc42d;lib/Adapter/ApiV2SDK/vendor/paragonie/constant_time_encoding/src/Binary.php
f3e9044fb7ea70d346220ef4f18aee75;lib/Adapter/ApiV2SDK/vendor/paragonie/constant_time_encoding/src/Base64.php
7d6c7f3dd70c24f9542a3b5585f90e3e;lib/Adapter/ApiV2SDK/vendor/paragonie/constant_time_encoding/LICENSE.txt
6cc0cbf40a4ab199fb5b97084de4649e;lib/Adapter/ApiV2SDK/vendor/paragonie/constant_time_encoding/README.md
784efccde8a58c8491c20ef0eca6bf87;lib/Adapter/ApiV2SDK/vendor/paragonie/random_compat/composer.json
4b54cbf6ccb77afb7ade42183affc554;lib/Adapter/ApiV2SDK/vendor/paragonie/random_compat/lib/random.php
854df6f8851cae85add168c7a682a24a;lib/Adapter/ApiV2SDK/vendor/paragonie/random_compat/psalm-autoload.php
8eb7e9dc637fb48d8bddfb470e370f42;lib/Adapter/ApiV2SDK/vendor/paragonie/random_compat/build-phar.sh
938323773ab0732a3d3ce0a6f3df8493;lib/Adapter/ApiV2SDK/vendor/paragonie/random_compat/other/build_phar.php
3ec788adbb0519a92243e569789cfcb9;lib/Adapter/ApiV2SDK/vendor/paragonie/random_compat/dist/random_compat.phar.pubkey.asc
36dae3cf3fd10ae5093aaec29b7b5125;lib/Adapter/ApiV2SDK/vendor/paragonie/random_compat/dist/random_compat.phar.pubkey
5c1048c9d62123819aa63e62e1578be6;lib/Adapter/ApiV2SDK/vendor/paragonie/random_compat/LICENSE
473b1cfcc838b577dc9c9e08680e6704;lib/Adapter/ApiV2SDK/vendor/paragonie/random_compat/psalm.xml
66d47d066f08e9577bc8296c15f99e7c;lib/Adapter/ApiAdapter.php
14099d750426a8174c19dfe8e1fd7fb7;lib/Adapter/OAuthAdapter.php
0fa227c41ad5772a4eddec9342c2522e;lib/Utils/Config.php
ea76baa1d5007a896e60cd273d26e3d1;lib/Utils/Plugin.php
3f78e192ee8339576dd3c3c900c4ce55;lib/Utils/Crypto.php
434ff69f8a3ecdc37abf47595ad9743c;lib/Utils/Events.php
3724668fbf219d7db44958040e5c79bf;lib/Utils/JtlLinkHelper.php
fee50401794151f50ba9131d86563d33;lib/Utils/Compatibility.php
ce0c2cf78903a9a7d6a898255752bca9;lib/Utils/Currency.php
27389cf39ea1492e7dad0f1663f14f49;lib/Utils/SmartyHelper.php
8de897147da0a8f2f3ca5334bfaf2023;lib/Utils/Interval.php
78a527a3ded4325f5dff3811c69966f9;lib/Utils/JtlLoggerTrait.php
6e3caeaf83455dd5d3519ca87c5fe38e;lib/Utils/JtlCartHelper.php
7b7e99059a466ed3cb370e99d0af7fe2;lib/Utils/Translation.php
10e2033bb3afd2ba2d6e0b444d91a9d4;lib/Utils/Constants.php
fca7a9a38f0f0f954c58690145bec80b;lib/Utils/Database.php
72da0988b920acffab9804f20380814c;lib/AmazonPay/Operations/UpdateCheckoutSession.php
482e778a2e40aa49c4b8f715af116f84;lib/AmazonPay/Operations/CreateCharge.php
34d6468220e18fd81c83a441794e0d04;lib/AmazonPay/Operations/CreateRefund.php
caf87dc9759801effe67537d0e978843;lib/AmazonPay/Operations/CaptureCharge.php
efacea82035daa18678dd85786016390;lib/AmazonPay/Operations/DeliveryTrackers.php
6a7900a1c1418b73b43704b0c5612eca;lib/AmazonPay/Operations/GetBuyer.php
86a586fe409952b3416a86813583635f;lib/AmazonPay/Operations/CloseChargePermission.php
0e1d2f3da300d5a53d58281ec0b9a475;lib/AmazonPay/Operations/AbstractOperation.php
2f0be4e6d731e567591fc1c58e984281;lib/AmazonPay/Operations/CreateCheckoutSession.php
e1c456484a57d4d198de5fb9ab189d94;lib/AmazonPay/Operations/GetChargePermission.php
ca209067be1d387481d5266d7031002f;lib/AmazonPay/Operations/UpdateChargePermission.php
a21e343e2d0c1032e526d9a63ba4121f;lib/AmazonPay/Operations/GetCharge.php
4aa7a204caef36cd7c5c4c42439d61bf;lib/AmazonPay/Operations/CancelCharge.php
cdfa31b0b08d91e3f46ca0fc9a1a7274;lib/AmazonPay/Operations/GetCheckoutSession.php
0960cf82326eda810ef794e3c7e85c22;lib/AmazonPay/Operations/CompleteCheckoutSession.php
fa4603e3427e2ff1f887960940117762;lib/AmazonPay/Operations/GetRefund.php
c96bfabe505cb313dbadadfedff51913;lib/AmazonPay/Objects/MerchantMetadata.php
3bc0432e32cb4410b69319183af7886a;lib/AmazonPay/Objects/WebCheckoutDetails.php
cba6c9498b955d3ec51f8be919af2a11;lib/AmazonPay/Objects/AddressRestrictions.php
678d5bff8372393150f172084a969644;lib/AmazonPay/Objects/Error.php
6a1c1ab1b67a605971b1d79f67c3d241;lib/AmazonPay/Objects/Limits.php
5ed8801011fc0179a24dabf413110885;lib/AmazonPay/Objects/Reason.php
894a269fd47acfc9271f41d7780ab339;lib/AmazonPay/Objects/Charge.php
70f5c6e2aee36be75dfceb661b6691aa;lib/AmazonPay/Objects/PaymentDetails.php
46e4e8271e73b4f1e9881341c3acdf9a;lib/AmazonPay/Objects/DeliveryTrackersPayload.php
4ec5c75593a5b3fd81ecbdb3571f85fc;lib/AmazonPay/Objects/CheckoutSession.php
4428ba04a05f8966a15532f7e814e6d6;lib/AmazonPay/Objects/Restriction.php
49a087904a05372502294ac80aae7ce7;lib/AmazonPay/Objects/RecurringMetadata.php
6a086909d7c6b50ae6010808bf366f87;lib/AmazonPay/Objects/PaymentPreference.php
03183f41c4b2bfdf57fa9b3a0fc3edb2;lib/AmazonPay/Objects/DatabaseObject.php
4852500242225fdc69723e4ca08031f0;lib/AmazonPay/Objects/DeliveryDetail.php
040c4c01c03a26b62a750252c7f1c6e4;lib/AmazonPay/Objects/Address.php
d1e9830a785da40e53c60fa8cebc67c1;lib/AmazonPay/Objects/Buyer.php
5a4df443cc8fda0c12e2cd9527d3479c;lib/AmazonPay/Objects/Constraint.php
822a61397ee5d2a5283b39251def0c67;lib/AmazonPay/Objects/Refund.php
964f155f3f0c82f24f03b86e64820937;lib/AmazonPay/Objects/ChargePermission.php
3940f4740f017472429d6569019f891d;lib/AmazonPay/Objects/Price.php
d3e9fbd7586aaa4b591874a725001e46;lib/AmazonPay/Objects/AbstractObject.php
eca9de4dc2d53ddb8a7c5c8c2c843c91;lib/AmazonPay/Objects/DeliverySpecifications.php
4f7259bfa6ebd993553e28208c3b64bb;lib/AmazonPay/Objects/StatusDetails.php
ae4c7639823bbe96c5d6475d6c1aed42;lib/AmazonPay/Objects/Frequency.php
61f0148bdff3dc4b36c74c192c1087d7;lib/Frontend/AccessToken.php
2031cae5429c0297a4b8ec14cbebcb82;lib/Frontend/UserInfo.php
ec240efdd8ae9569fdb6ee5703640218;lib/Frontend/Button.php
f8db24a91a2281ad146f9ddf8562a9cc;frontend/apb_redirect.php
1b84ecfec96a2a89f4b141834d1354c7;frontend/checkout.php
1b76c27389fd149a094cbf9e4fa2308f;frontend/result.php
7e4f1c928521e5005ff576be060c5eb3;frontend/auto_key_exchange.php
487e6febcf503c4eb7bbff487493e620;frontend/template/checkout_step_shipping_payment.tpl
536d51c6eef2e4d8b81825d1ea071861;frontend/template/login_address_form.tpl
b99f990ef8add5812d70bff00e81ed94;frontend/template/scss/lpa.scss
ea705e575f982546294357659b24fd1c;frontend/template/subscription_customer.tpl
c82f9ab3da27642f91896346b18ace25;frontend/template/js/lpa.js
c15970661df4d096bf6a8be6c84f7e6c;frontend/template/js/lpa.min.js
8fc8ed98ebc7a3d0d90308b72e1c3bdb;frontend/template/js/promise-polyfill.js
ffd555ea7b4f1199ce27b435305a5d46;frontend/template/return.tpl
b7219684b0f1e4009f90fb6c8f2b3cce;frontend/template/checkout_step_summary.tpl
bbd14493c83a73c3d029a8941ebae58e;frontend/template/auto_key_exchange.tpl
0a6e6593ea0741e578d9d10a6d594c40;frontend/template/dummy.tpl
56fd60ad10eac1291546606c299a22cd;frontend/template/login.tpl
4a727ddfe5466e04d17e96f69fefdc95;frontend/template/apb_redirect.tpl
6c74a5315dfa54db3dad0ca01e8f9983;frontend/template/ipn.tpl
12fafb9f9b948f8dac23e7b51b75cf4f;frontend/template/css/lpa.min.css
93892f057bc808ec4066367e5baeafad;frontend/template/checkout.tpl
e97a3c194915a695fbfb425cdaeed325;frontend/template/snippets/messages.tpl
31f6b230e54449bf15697af9d7db3bfd;frontend/template/snippets/button_login.tpl
b382bb5b0d7966327329662b3cd5bb54;frontend/template/snippets/checkout_steps.tpl
b19c11bfedad740a21986cd4af730b13;frontend/template/snippets/behavioral_overlay.tpl
e91513bf5aa514c61d284b6c1afa997a;frontend/template/snippets/button_pay.tpl
de4e704ba5806dc38d8f66f721c44cab;frontend/template/snippets/button_apb_redirect.tpl
73aff90c2f56f2fa9c93b6bd1b4a5f66;frontend/template/snippets/body.tpl
e333d539b8da5f1f7ce381b7ca3044dd;frontend/template/snippets/head_return_js.tpl
b4fc35f1a2ee4ddda385899215026c04;frontend/template/snippets/button.tpl
52442e1af1de322c0a5c9f5b7bdd8dc8;frontend/template/snippets/shipping_methods.tpl
ee498fe5dc1eae2e0d7353b1b6ca4027;frontend/template/snippets/subscription_customer_subscriptions_available.tpl
e0485da3bb44b3833a5bf8eb897c12ff;frontend/ipn.php
0455d3b926f03f45826468eada469e00;frontend/subscription_customer.php
d5cc9317718ad1bd87637eb5ab5da983;frontend/login.php
189be132333ec9d6c6c102956e0a71a3;frontend/return.php
afe59231c1285e30436f5411daa39fee;paymentmethod/images/150px/AcceptanceMark_AmazonPay_Carrot_White_Small3x.png
a71f08926fca426a507d29bb906856b3;paymentmethod/images/150px/AcceptanceMark_Pay_Ink_White_Small3x.png
2d9e6de12d7c6d87f31f7222b25a5184;paymentmethod/images/150px/amazonpay-logo-rgb_rev.png
13b18a97cb0cb1693f83d9df861c8c36;paymentmethod/images/150px/AcceptanceMark_Pay_White_Ink_Small3x.png
d2ea1bfc83d159d46ea8149d5366db6d;paymentmethod/images/150px/amazonpay-secondary-logo-rgb_wht.png
aacf416d76bb775ca3c3a37d3af7be57;paymentmethod/images/150px/amazonpay-secondary-logo-rgb_clr.png
ef2116a958ad709bd4fc52c13492e61a;paymentmethod/images/150px/amazonpay-secondary-logo-rgb_rev.png
1cf58e1b4b2eb7a9e90e39bb811d5c7e;paymentmethod/images/150px/AcceptanceMark_AmazonPay_Ink_White_Small3x.png
2eeee0a47a0f7822ddc51d5a30df3acc;paymentmethod/images/150px/AcceptanceMark_AmazonPay_White_Ink_Small3x.png
e8115c43fbc48aa865ff79f84cd485ce;paymentmethod/images/150px/amazonpay-logo-rgb_clr.png
1eff77026a1b8a203655fc8add1703d7;paymentmethod/images/150px/amazonpay-logo-rgb_wht.png
e0fc3fd19f812e3eeaa1c0443d023c60;paymentmethod/images/150px/amazonpay-secondary-logo-rgb_drk.png
d5ef2c92a4ea5f26786b5c9919ce0b44;paymentmethod/images/150px/amazonpay-logo-rgb_drk.png
f7c29096a9e5964a929894f2fc709a01;paymentmethod/images/150px/AcceptanceMark_Pay_WhiteCarrot_Ink_Samll3x.png
b9b7757440640344fcfde34de91a9d23;paymentmethod/images/100px/AcceptanceMark_AmazonPay_Carrot_White_Small3x.png
deef79ccc02d8d583190ae7d722ff55a;paymentmethod/images/100px/AcceptanceMark_Pay_Ink_White_Small3x.png
3ccb44d8353ba224142b24a5e0d5619d;paymentmethod/images/100px/amazonpay-logo-rgb_rev.png
ce6316d2f91a5c7cb6d9b50a62201154;paymentmethod/images/100px/AcceptanceMark_Pay_White_Ink_Small3x.png
64b28cd7301622bf13f1b699e2a640e3;paymentmethod/images/100px/amazonpay-secondary-logo-rgb_wht.png
430e6568ae9d712c4f693600d695cc6a;paymentmethod/images/100px/amazonpay-secondary-logo-rgb_clr.png
b7653c90730bd40718292e7d7c6587c6;paymentmethod/images/100px/amazonpay-secondary-logo-rgb_rev.png
12d700a6ed79b04725d343e5ce1bf950;paymentmethod/images/100px/AcceptanceMark_AmazonPay_Ink_White_Small3x.png
49582bdf0864425cc598e5268dd084e7;paymentmethod/images/100px/AcceptanceMark_AmazonPay_White_Ink_Small3x.png
5cabfcdda52f23c6a1951d8f7f58907b;paymentmethod/images/100px/amazonpay-logo-rgb_clr.png
95e527e9db725f310f352538542181e6;paymentmethod/images/100px/amazonpay-logo-rgb_wht.png
7661170566662d1496ed57270113d548;paymentmethod/images/100px/amazonpay-secondary-logo-rgb_drk.png
3c9ad514a0bac730668691737096f7c6;paymentmethod/images/100px/amazonpay-logo-rgb_drk.png
7d57ad89f5a56c85d8fcd2a999f75309;paymentmethod/images/100px/AcceptanceMark_Pay_WhiteCarrot_Ink_Samll3x.png
496f5c71b6e86dce53a81835add3ccc0;paymentmethod/images/200px/AcceptanceMark_AmazonPay_Carrot_White_Small3x.png
40e4d66980c1421df2248e20ed3b9c64;paymentmethod/images/200px/AcceptanceMark_Pay_Ink_White_Small3x.png
810cb2e78c3497240049b638a652a6d6;paymentmethod/images/200px/amazonpay-logo-rgb_rev.png
a24fb9f2bc60e9864576a6a3db122221;paymentmethod/images/200px/AcceptanceMark_Pay_White_Ink_Small3x.png
1928bd6c5f57f31bc12edf99575b4f81;paymentmethod/images/200px/amazonpay-secondary-logo-rgb_wht.png
db6434bd43895b2e0855485afaa1d3ad;paymentmethod/images/200px/amazonpay-secondary-logo-rgb_clr.png
ab501c696fec0201b54f2fc6f8a23152;paymentmethod/images/200px/amazonpay-secondary-logo-rgb_rev.png
dfb0bf0043b489a9e51f13d3b51a3efd;paymentmethod/images/200px/AcceptanceMark_AmazonPay_Ink_White_Small3x.png
d468d50680abbb7ce662eadde264e303;paymentmethod/images/200px/AcceptanceMark_AmazonPay_White_Ink_Small3x.png
ebfdc217b06e462a7fa522985c083eef;paymentmethod/images/200px/amazonpay-logo-rgb_clr.png
f32babe4a01d0648c567f1d987da93bf;paymentmethod/images/200px/amazonpay-logo-rgb_wht.png
d0d23198c8da580f80c0d334d5b39257;paymentmethod/images/200px/amazonpay-secondary-logo-rgb_drk.png
796faf0de99eca5ba934199b64961fc6;paymentmethod/images/200px/amazonpay-logo-rgb_drk.png
1410272f76b1206053fc1b9756bed661;paymentmethod/images/200px/AcceptanceMark_Pay_WhiteCarrot_Ink_Samll3x.png
8ae218a85ff93ac022199e726085e65c;paymentmethod/template/dummy.tpl
bcbb8d0489d269dd8b31a869e9d0e595;paymentmethod/AmazonPay.php
4933cee6ca5fd3e40f644263a543c2b1;Bootstrap.php
6e88e8152bc1aa53953ebbd1cdbf4955;adminmenu/template/account.tpl
29d9e3a50127f9d05d49e6dc14faadae;adminmenu/template/voicecommerce.tpl
1407b5aa1a6229120127156cc627528a;adminmenu/template/scss/admin.scss
a700a41d14f1727a22ced4163f6128e2;adminmenu/template/js/admin.js
052b2b587741b916aa28d1c5f70d67f5;adminmenu/template/js/subscriptionmanagement.js
f268e0ba3bedf4fc102b78e121d68818;adminmenu/template/js/ordermanagement.js
0e699aff8a60f425a428f4e56c280a50;adminmenu/template/js/jquery-confirm.min.js
77fed2c37bfcb8822937d45a29e69d71;adminmenu/template/subscriptions_overview.tpl
0b8fecb3a8473d956f9a5ba068fbf7a4;adminmenu/template/orders.tpl
228f1172b7ede0105505768b15cc70b6;adminmenu/template/config.tpl
c2868e955f4a0356c9cd79fe18dccf89;adminmenu/template/subscriptions_config.tpl
b8c805d1b516b6b0cec21665b56da1a6;adminmenu/template/css/jquery-confirm.min.css
ac173778b09492cecfbaab7112bf0636;adminmenu/template/css/admin.css
f468e6293762ef2b8114b72bec2670dd;adminmenu/template/snippets/includes.tpl
985d9540b999fc440b2de83378eb0c6e;adminmenu/template/snippets/selfcheck.tpl
beab1b51840764afa1dcef1c70ba84b8;adminmenu/template/snippets/subscription_item.tpl
f4977e5ec22617af605385c0c83ceaa0;adminmenu/template/snippets/order_detail.tpl
3bb1de63188cf83c31acc1ceba864760;adminmenu/template/snippets/order_item.tpl
f17cf7ce63fe99c1e1bbba511663ac23;adminmenu/template/snippets/subscription_detail.tpl
e8008e5ef69955e134a00c58d8e47a73;adminmenu/template/snippets/footer.tpl
bf25b84f655fbb95f945d032d5318f45;adminmenu/template/snippets/header.tpl
626ebd2ee6bbfccc12954d39369d0cf5;Migrations/Migration20190522000000.php
ec72e66def439e7a0b7391e620d1d743;Migrations/Migration20210902000000.php
